id,unit_id,type,role,related_main_id,prompt,options,correct_index,image,audio,explanation
1,1,media_card,main,,What does 'concurrency' mean in programming?,Structuring a program so multiple tasks can make progress over the same period of time|Running a program twice as fast on one CPU core|Writing code with no bugs|Storing data in a database,0,,concurrency.wav,
2,1,true_false,exercise,1,Concurrency always means tasks run at the same instant.,false,false,,,That's parallelism specifically. Concurrency is about structure — tasks can interleave on a single core too.
3,1,multiple_choice,exercise,1,Which best describes concurrent code?,Interleaved progress|Single task|Never waits|Multiple files,0,,,Full options: Multiple tasks make progress by interleaving or overlapping in time; Only one task can ever exist in the program; Code that never has any waiting; Code written in multiple files.
4,1,select_blank,exercise,1,Concurrency ___ many things; parallelism ___ many things.,dealing/doing|doing/dealing|writing/reading|reading/writing,0,,,
5,1,multiple_choice,exercise,1,What's the general term for this idea? (one word),concurrency|parallelism|multithreading|synchronization,0,,,"Concurrency means structuring a program to make progress on multiple tasks over the same time period; parallelism specifically requires simultaneous execution, which concurrency doesn't require."
6,1,multi_select,exercise,1,Which of these are real-world examples of concurrency?,Web server|Sequential chef|CPU switching|Simple calculator,0|2,cards/card_6.png,,"The chef working strictly one dish at a time, start to finish, is the opposite of concurrency — that's fully sequential. Full options: A web server handling many client requests around the same time; A chef prepping one dish, plating it, then starting the next from scratch; A single CPU core switching between two tasks; A calculator adding two numbers."
7,1,order,exercise,1,Order these from sequential to parallel.,"One task at a time, start to finish|One core switching between tasks (concurrent, not parallel)|Multiple cores running tasks at the same instant (parallel)",,cards/card_7.png,,"The progression is sequential first, then concurrent when a single core rapidly switches between tasks, and finally parallel when multiple cores truly work simultaneously."
8,1,media_card,main,,What's the difference between concurrency and parallelism?,Concurrency is about structure (dealing with many things); parallelism is actually doing many things at the same instant|They are exactly the same concept with two names|Parallelism only applies to networking code|Concurrency requires multiple CPU cores,0,,parallelism.wav,"Concurrency means managing many things (like juggling), while parallelism means doing those things at the exact same time (like having multiple hands). They are not interchangeable concepts."
9,1,true_false,exercise,8,Parallelism needs at least two cores working simultaneously.,true,true,cards/card_9.png,,"That's correct; true parallelism requires hardware that can execute instructions simultaneously, meaning you need at least two processing cores."
10,1,multiple_choice,exercise,8,Can code be concurrent without being parallel?,Yes (asyncio)|Always together|Needs cores|Only compiled,0,,,"Full options: Yes — e.g. asyncio interleaves tasks on a single thread with no real parallelism; No, concurrency and parallelism always happen together; No, concurrency requires at least 2 CPU cores; Yes, but only in compiled languages, never in Python."
11,1,select_blank,exercise,8,threading gives you ___; GIL limits CPU ___.,concurrency/parallelism|parallelism/concurrency|speed/memory|memory/speed,0,cards/card_11.png,,"Threading allows for the illusion of simultaneous progress (concurrency), but because of the GIL, it cannot achieve true simultaneous execution across multiple CPU cores (parallelism)."
12,1,multiple_choice,exercise,8,Which approach gives real multi-core parallelism? (one word),threading|multiprocessing|asyncio|C extensions,1,,,"Only multiprocessing uses separate OS processes with their own interpreter and memory, so it isn't limited to one thread running Python code at a time the way threading and asyncio are."
13,1,match_pairs,exercise,8,Match each concurrency model to its core idea.,"threading:multiple threads, one process, one running at a time|multiprocessing:multiple separate processes, real parallelism|asyncio:single thread, cooperative task switching|parallelism:tasks literally running at the same instant",,cards/card_13.png,,"The correct matches are: threading -> one process, one running at a time; multiprocessing -> multiple separate processes, real parallelism; asyncio -> single thread, cooperative task switching; and parallelism -> tasks literally running at the same instant."
14,1,image_choice,exercise,8,"Which icon represents interleaved, overlapping tasks?",Arrows:swap-horizontal-outline|Straight line:remove-outline|Trash can:trash-outline|Padlock:lock-closed-outline,0,,,The overlapping arrows icon correctly represents interleaving because it visually suggests switching between multiple tasks that are running concurrently but sharing the same resource.
15,1,media_card,main,,"What's the core difference between threading, multiprocessing, and asyncio?","threading = many threads, one process, one running at a time; multiprocessing = many separate OS processes, real parallelism; asyncio = one thread, cooperative task switching|They're three names for the exact same underlying mechanism|threading is always the fastest of the three|asyncio requires multiple CPU cores to work at all",0,,asyncio.wav,"This option accurately defines the core mechanisms: threading uses shared memory within one process, multiprocessing achieves true parallel execution across separate OS processes, and asyncio manages concurrency using a single thread via cooperative task switching."
16,1,true_false,exercise,15,"asyncio gets concurrency via cooperative switching, not threads.",true,true,,,"True. Asyncio relies on an event loop where tasks must voluntarily yield control back to the loop (cooperative switching), rather than relying on the operating system's preemptive management of threads."
17,1,multiple_choice,exercise,15,Best model for many waiting network requests?,asyncio|multiprocessing|None help|Most memory,0,,,asyncio can juggle thousands of waiting connections on one thread far more cheaply than one OS thread per connection. Full options: asyncio; multiprocessing; None of them help with I/O; Whichever uses the most memory.
18,1,select_blank,exercise,15,___ has real CPU parallelism; threading/asyncio don't.,multiprocessing|threading|asyncio|None,0,,,"Multiprocessing is the only model listed that utilizes multiple OS processes, allowing it to achieve true parallelism by distributing work across several physical CPU cores simultaneously."
19,1,multiple_choice,exercise,15,Which module gives asyncio-style concurrency? (one word),asyncio|threading|multiprocessing|concurrent.futures,0,,,asyncio provides the core mechanism for cooperative single-threaded concurrency.
20,1,multi_select,exercise,15,Which pairs match model to trait correctly?,threading:one-at-a-time|multiprocessing:true-parallel|asyncio:cooperative|All identical,0|1|2,cards/card_20.png,,"Full options: threading — shares one process, limited to one running at a time for CPU work; multiprocessing — separate processes, true CPU parallelism, higher memory overhead; asyncio — single thread, needs cooperative yield points, very low overhead for many waiting tasks; All three models give identical performance for every kind of workload."
21,1,match_pairs,exercise,15,Match each workload to its best model.,"Thousands of waiting network connections:asyncio|Heavy CPU number-crunching across cores:multiprocessing|A moderate number of blocking I/O calls, simpler code:threading|Calling many third-party sync libraries concurrently:threading",,cards/card_21.png,,Asyncio excels with high numbers of waiting connections because it handles I/O non-blockingly; multiprocessing is necessary for heavy number crunching because it uses separate cores; and threading is suitable for moderate blocking calls when simplicity outweighs the need for perfect parallelism.
22,2,media_card,main,,What does 'I/O-bound' mean?,"Its speed is limited by waiting on external things like disk, network, or a database, not CPU math|It only runs on input devices like a keyboard|It never finishes|It uses no memory at all",0,,iobound.wav,
23,2,true_false,exercise,22,Downloading 100 files is a classic I/O-bound workload.,true,true,,,
24,2,multiple_choice,exercise,22,Which is the best I/O-bound example?,API wait|Compute pi|Resize image|Sort list,0,,,Full options: Waiting for a slow API response over the network; Calculating the digits of pi to 1 million places; Resizing a large image locally; Sorting a huge in-memory list.
25,2,select_blank,exercise,22,"I/O-bound programs mostly ___, not compute.",waiting|calculating|compiling|sorting,0,,,
26,2,multiple_choice,exercise,22,"What term fits: limited by waiting, not CPU? (x_bound)",I/O-bound|CPU-bound|memory-bound|network-bound,0,,,"An I/O-bound workload spends most of its time waiting on external resources like disk, network, or a database, not doing CPU work."
27,2,multi_select,exercise,22,Which of these are typically I/O-bound?,Fetch URLs|Network read|Compute Fibonacci|DB wait,0|1|3,,,Full options: Fetching 50 URLs over HTTP; Reading a large file from a slow network drive; Computing a large Fibonacci number in pure Python; Waiting on a database query to return.
28,2,media_card,main,,What does 'CPU-bound' mean?,Its speed is limited by raw computation — the CPU is constantly busy doing math|It can only run on one specific CPU brand|It never uses the network|It always crashes,0,,cpubound.wav,
29,2,true_false,exercise,28,A huge matrix multiply in Python is CPU-bound.,true,true,,,
30,2,multiple_choice,exercise,28,Which fix helps a CPU-bound workload most?,multiprocessing|asyncio|More requests|More RAM,0,,,asyncio and threading don't add CPU parallelism in CPython due to Python's single-thread execution limit (covered soon) — only separate processes do. Full options: multiprocessing (real parallel CPU cores); asyncio (single-threaded cooperative switching); Adding more network requests; Using more RAM.
31,2,select_blank,exercise,28,"CPU-bound programs mostly ___, not wait.",computing|sleeping|socket wait|idle,0,,,
32,2,multiple_choice,exercise,28,What term fits: limited by raw computation? (x_bound),CPU-bound|I/O-bound|memory-bound|latency-bound,0,,,"A CPU-bound workload is limited by how fast the processor can crunch numbers, not by waiting on external resources."
33,2,match_pairs,exercise,28,Match each workload to its type.,"Resizing 10,000 images locally:CPU-bound|Calling 10,000 web APIs:I/O-bound|Encrypting a large file:CPU-bound|Waiting on a slow database:I/O-bound",,cards/card_33.png,,
34,2,order,exercise,28,Order the steps to diagnose a slow program.,"Profile the program to see where time is spent|Check if it's mostly waiting (I/O) or mostly computing (CPU)|Pick threading/asyncio for I/O-bound, multiprocessing for CPU-bound|Re-measure after applying the fix",,cards/card_34.png,,
35,3,media_card,main,,What is the GIL (Global Interpreter Lock)?,A mutex in CPython that allows only one thread to execute Python bytecode at a time|A tool for locking files on disk|A type of Python variable|A network security protocol,0,,gil.wav,It exists to keep CPython's reference counting (how it tracks when to free an object) thread-safe without a lock around every single variable.
36,3,true_false,exercise,35,Two threads can run bytecode at the same instant.,,false,,,
37,3,true_false,exercise,35,GIL stands for Global Interpreter Lock.,true,true,,,
38,3,select_blank,exercise,35,The GIL is a ___ protecting memory management.,mutex (lock)|network socket|file handle|generator,0,,,"The GIL acts as a mutex (mutual exclusion lock), which ensures that only one thread can execute Python bytecode at any moment, thereby protecting the internal state and memory management."
39,3,multiple_choice,exercise,35,What's the 3-letter acronym for 'Global Interpreter Lock'?,GIL|JIT|ABI|API,0,,,"GIL stands for Global Interpreter Lock, the mechanism that lets only one thread execute Python bytecode at a time in CPython."
40,3,multi_select,exercise,35,Which are true about the GIL?,One thread|Protects memory|Threads useless|CPython-specific,0|1|3,,,"Threads are still useful for I/O-bound work even with the GIL — see the next deck. Full options: Only one thread runs Python bytecode at a time; It exists to make CPython's memory management (reference counting) thread-safe; It means Python threads are useless for every kind of task; It's specific to the CPython implementation, not the Python language itself."
41,3,media_card,main,,Why does CPython use a GIL?,"It makes single-threaded code fast and memory management simple, at the cost of multi-core parallelism|It makes Python impossible to use with threads at all|It's required by the Python language specification itself|It only exists for security reasons",0,,bytecode.wav,"While it keeps CPython's internal state simple and single-threaded code fast, this mechanism prevents true parallel execution across multiple CPU cores."
42,3,true_false,exercise,41,Reference counting is a big reason the GIL exists.,true,true,,,"True; because Python's memory management relies heavily on atomic reference counting, the GIL is necessary to prevent race conditions when multiple threads try to modify object counts at once."
43,3,multiple_choice,exercise,41,What does CPython actually execute inside the GIL's protection?,Python bytecode|Import statements|print() calls|Extension code,0,,,"Full options: Python bytecode, one instruction sequence at a time; Only import statements; Only print() calls; Compiled non-Python code exclusively."
44,3,select_blank,exercise,41,Removing the GIL needs reference counting to become ___.,thread-safe|slower|undefined|deprecated,0,,,"It needs to become fully thread-safe; otherwise, removing the lock would introduce severe race conditions and memory corruption bugs that are extremely difficult to debug."
45,3,multiple_choice,exercise,41,Source code compiles to ___ first. (one word),bytecode|machine code|assembly|source tokens,0,,,"CPython compiles .py source into bytecode, a lower-level instruction set the interpreter then executes."
46,3,order,exercise,41,Order how Python code executes under the GIL.,Source code (.py) is compiled to bytecode|The interpreter acquires the GIL|One thread executes bytecode instructions|The GIL periodically releases so another thread can run,,cards/card_46.png,,"The correct sequence is: Source code (.py) is compiled to bytecode -> The interpreter acquires the GIL -> One thread executes bytecode instructions -> Finally, the GIL periodically releases so another thread can run."
47,4,media_card,main,,Why does threading help I/O-bound programs?,"A thread releases the GIL while it's waiting on I/O, letting other threads run during that wait|Threads never touch the GIL at all|I/O operations don't use Python bytecode ever|The GIL only exists during multiprocessing",0,,gilblocking.wav,"When a thread performs an I/O operation (like reading from disk), it releases the GIL while waiting for data, allowing other threads to run their Python code. This overlap is why threading works so well for I/O-bound tasks."
48,4,true_false,exercise,47,A blocked thread releases the GIL for others.,true,true,,,"Yes, when a thread encounters an operation that forces it to wait—such as waiting on network input—it releases the GIL, allowing other threads to run and utilize the CPU."
49,4,multiple_choice,exercise,47,More threads on CPU-bound Python code do what?,Nothing much|N× faster|Uses cores|Removes GIL,0,,,Full options: Little to nothing for speed — the GIL still only lets one thread run Python bytecode at a time; Makes it exactly N times faster with N threads; Automatically uses multiple CPU cores; Removes the GIL for that program.
50,4,select_blank,exercise,47,"Threading helps ___-bound code, not ___-bound code.",I/O/CPU|CPU/I/O|memory/disk|network/memory,0,,,"Threading is excellent for I/O-bound code because it allows waiting time to be overlapped, but it offers little benefit for CPU-bound code due to the GIL bottleneck limiting parallel execution."
51,4,multiple_choice,exercise,47,Complete: use the ___ module for CPU parallelism.,multiprocessing|threading|asyncio|os module,0,,,"multiprocessing sidesteps the GIL by running separate processes, so it's the go-to for CPU-bound parallelism in standard CPython."
52,4,multi_select,exercise,47,Which of these are true about GIL behavior?,I/O release|No speedup|Periodic reacquire|Threads pointless,0|1|2,,,"Full options: A thread releases the GIL during blocking I/O calls; Multiple threads doing pure math in a loop won't get faster from more threads; The GIL is re-acquired periodically even during pure CPU loops, allowing some switching; Threads are pointless for every single use case in Python."
53,4,media_card,main,,What forces a GIL handoff between threads?,"Python periodically forces a GIL switch, on a timer called the switch interval|Threads negotiate directly with each other over a socket|The operating system pauses threads at random with no Python involvement|CPU-bound threads never get paused, ever",0,,gilswitch.wav,That timer is controlled by sys.setswitchinterval() — call it to change how often threads take turns.
54,4,true_false,exercise,53,"Two CPU-bound threads still take turns, without speedup.",true,true,,,"The GIL forces a switch periodically, so both threads make some progress — they just can't run Python bytecode at the same instant, so total wall-clock time isn't reduced."
55,4,multiple_choice,exercise,53,What does sys.setswitchinterval() control?,Switch frequency|Thread count|Thread speed|Stack size,0,,,Full options: How often (in seconds) CPython considers releasing the GIL to another waiting thread; How many threads can exist at once; How fast a thread executes; The size of the thread stack.
56,4,select_blank,exercise,53,Two CPU-bound threads on one core run ___.,No faster|Dramatically faster|2x speed|Infinitely faster,0,,,"Correct: 'No faster' — switching overhead can make it slower or about the same as sequential, never meaningfully faster."
57,4,type_answer,exercise,53,Complete: sys.___interval tunes GIL switching. (one word),setswitch,,,,"The sys module provides a function, setswitchinterval(), specifically designed to adjust how often the Global Interpreter Lock switches between threads."
58,4,multi_select,exercise,53,Which are true for CPU-bound threads on the GIL?,Periodic turns|Slower sometimes|True parallel|multiprocessing fixes,0|1|3,,,"Full options: They take turns, controlled by a periodic switch interval; Running 4 CPU-bound threads on 1 core can be slower than running the work in 1 thread, due to switching overhead; CPU-bound threads get real simultaneous execution on separate cores; This is exactly the scenario multiprocessing is meant to fix."
59,5,media_card,main,,What gets true CPU parallelism in Python?,"The multiprocessing module — separate OS processes, each with its own GIL|Adding more threading.Thread objects|Writing longer functions|Using more global variables",0,,bypassgil.wav,True CPU parallelism requires separate operating system processes using the multiprocessing module because these bypass Python's single Global Interpreter Lock (GIL).
60,5,true_false,exercise,59,A C extension can release the GIL internally.,true,true,,,This is why NumPy/pandas operations can benefit from threading even though they're 'CPU-bound' — the C code drops the GIL.
61,5,multiple_choice,exercise,59,Which does NOT give real CPU parallelism?,More threads|separate processes|C extension|Process pool,0,,,"Full options: Adding more threading.Thread objects around a pure-Python loop; using separate OS processes, each with its own interpreter and GIL; A C extension that releases the GIL during its heavy computation; Offloading the CPU work to a separate process pool."
62,5,select_blank,exercise,59,Each multiprocessing process has its ___ GIL.,own|shared|borrowed|disabled,0,,,"Since each process is a completely isolated OS entity, it must have its own independent Global Interpreter Lock to manage its execution context."
63,5,multiple_choice,exercise,59,What code drops the GIL internally? (two words),C extensions|Pure functions|Generator functions|Lambda expressions,0,,,"C extensions (like NumPy's core routines) can release the GIL while doing heavy computation in native code, letting other threads run."
64,5,multi_select,exercise,59,Which bypass GIL limits for CPU work?,separate processes|C extension|More threads|numpy/pandas ops,0|1|3,,,"Full options: using separate OS processes, since each has its own GIL; A C extension that releases the GIL while crunching numbers; Just increasing the number of threading.Thread objects; Using numpy/pandas operations implemented in optimized C."
65,5,media_card,main,,What is 'free-threaded' Python?,"A build of CPython that can run without the GIL at all, defined by PEP 703|A Python version that's completely free to download|A mode where threads cost no memory|An old, deprecated Python 2 feature",0,,freethreaded.wav,"Free-threaded refers to a specific build of Python designed to operate entirely without the Global Interpreter Lock (GIL), which is necessary for true parallelism across multiple CPU cores. This capability is formalized and defined by PEP 703."
66,5,multiple_choice,exercise,65,What's the status of the free-threaded build?,Opt-in supported|Default build|Cancelled|Linux only,0,,,"Full options: Officially supported, but still opt-in — not the default Python build; The default build for everyone since Python 3.13; Cancelled and no longer being developed; Only available on Linux."
67,5,select_blank,exercise,65,The free-threaded build is defined by ___.,PEP 703|PEP 8|PEP 20|PEP 484,0,,,PEP 703 is the official Python Enhancement Proposal that outlines the technical specifications and plan for removing or bypassing the Global Interpreter Lock (GIL).
68,5,true_false,exercise,65,A thread-unsafe extension can force the GIL back on.,true,true,cards/card_68.png,,"True, because if an extension is not written to be fully thread-safe, it may rely on internal mechanisms that require the protection of the GIL to prevent race conditions or data corruption."
69,5,multiple_choice,exercise,65,What suffix marks a free-threaded build? (one letter),t|f|d|x,0,,,"The free-threaded CPython build uses a 't' suffix, e.g. python3.14t, to distinguish it from the standard GIL-enabled build."
70,5,multi_select,exercise,65,Which are accurate about free-threaded Python 3.14?,Officially supported|5-10% overhead|Default build|~4x speedup,0|1|3,,,"It's opt-in (a separate 'free-threaded' build/flag), not the default — that's still a few releases away. Full options: It's officially supported, not just experimental; Single-threaded performance overhead dropped to roughly 5-10%; It is the default interpreter build for everyone; Multi-threaded CPU-bound code can see up to ~4x speedup on it."
71,5,order,exercise,65,Order these GIL-removal events.,PEP 703 proposed removing the GIL|Python 3.13 ships an experimental free-threaded build|Python 3.14 makes free-threading officially supported (still opt-in)|A future release may eventually make it the default,,cards/card_71.png,,"The correct order reflects the development timeline: PEP 703 proposed the change first, followed by experimental builds (like in Python 3.13), official opt-in support (Python 3.14), and finally, the long-term goal of making it default."
72,6,media_card,main,,How do you create and start a thread?,"Create a threading.Thread object with a target function, then call .start()|Call thread() directly like a function|Import the process module|Write async def before every function",0,,thread.wav,"You must first instantiate the Thread object, passing your desired function as the target, and then explicitly call .start() to initiate execution on a separate thread. Calling the function directly will just run it in the main program flow."
73,6,true_false,exercise,72,threading.Thread(target=my_func).start() begins running my_func on a new thread.,true,true,,,"That's exactly right; calling .start() tells Python to execute my_func concurrently, meaning it runs independently alongside your main program flow."
74,6,multiple_choice,exercise,72,Which method begins a Thread's target function?,.start()|.run()|.begin()|.execute(),0,,,"Calling .run() directly just runs it on the current thread, like a normal function call — .start() is what spins up the new thread."
75,6,select_blank,exercise,72,"t=threading.Thread(target=worker,___=(5,10)) passes args.",args|kwargs|params|inputs,0,,,"The correct keyword is `args`, which accepts a tuple containing the positional arguments that your target function needs. Using `kwargs` would be for passing named parameters instead."
76,6,multiple_choice,exercise,72,Which module creates threads? (one word),threading|multiprocessing|asyncio|concurrent,0,,,The threading module is Python's standard-library interface for creating and managing threads.
77,6,multi_select,exercise,72,Which of these are true about threading.Thread?,args= positional|kwargs= keyword|Double-start OK|Use .start(),0|1|3,cards/card_77.png,,"Calling .start() twice on the same Thread object raises a RuntimeError. Full options: args= passes a tuple of positional arguments to the target; kwargs= passes a dict of keyword arguments to the target; Calling .start() twice on the same thread is allowed and safe; You must call .start(), not .run(), to actually get a new OS thread."
78,6,order,exercise,72,Order the steps to create and run a thread.,Define a target function|Create a Thread(target=func) object|Call .start() on it|The function runs concurrently on the new thread,,cards/card_78.png,,"You must first define your worker function, then create an instance of Thread pointing to that function, and finally call .start() to actually kick off the concurrent execution."
79,6,media_card,main,,How do you check if a thread runs?,Call .is_alive() on the Thread object — it returns immediately with True or False|Call .join() and catch the exception|There is no way to check without waiting|Read the thread's return value,0,,isalive.wav,The .is_alive() method is specifically designed to check the operational status of a thread immediately without waiting for it to finish.
80,6,true_false,exercise,79,t.is_alive() returns False before a thread has been started.,true,true,,,"Since the thread hasn't been started, its internal state will report that it is not active, making t.is_alive() return False."
81,6,multiple_choice,exercise,79,Which method polls a thread without blocking?,.is_alive()|.join()|.wait()|.status(),0,,,".is_alive() is the dedicated method for checking a thread's status non-blockingly; join() blocks until completion, and wait() is usually for synchronization."
82,6,select_blank,exercise,79,"To poll a thread without blocking, check t.___().",is_alive|join|wait|check,0,,,You use t.is_alive() to check if the thread is currently running without pausing your program execution.
83,6,type_answer,exercise,79,Which method returns True while running? (is____()),alive,,,,"The method you are looking for is .is_alive(), which returns a boolean indicating whether the thread is active."
84,6,multi_select,exercise,79,Which of these are true about .is_alive()?,Non-blocking|While running|For polling|Stops thread,0|1|2,,,"Full options: It returns immediately, unlike .join(); It returns True once .start() has been called and the thread hasn't finished; It's commonly used in a polling loop alongside other work; Calling it stops the thread."
85,7,media_card,main,,What does calling .join() on a thread do?,Blocks the calling code until that thread finishes running|Starts the thread|Kills the thread instantly|Merges two threads into one,0,,join.wav,
86,7,true_false,exercise,85,"Without .join(), the main program might exit early.",true,true,,,"If you don't use .join(), the main program might exit before the background threads have finished their work, causing them to be abruptly terminated."
87,7,multiple_choice,exercise,85,How do you wait for 3 started threads?,Join each|Restart each|sleep(100)|Nothing needed,0,,,You must call .join() on each thread object individually; calling sleep or doing nothing won't guarantee that all worker threads complete their tasks.
88,7,select_blank,exercise,85,t.join(___=5) waits at most 5 seconds.,timeout|wait|delay|limit,0,,,"The correct method to use is 'timeout', which specifies the maximum amount of time (in seconds) the program should wait for the thread to finish before moving on."
89,7,multiple_choice,exercise,85,Which method blocks until a thread finishes? (one word),join|wait|block|sync,0,,,Thread.join() blocks the calling code until the target thread finishes.
90,7,multi_select,exercise,85,Which of these are true about .join()?,Blocks caller|Has timeout|Before .start()|After starting,0|1|3,,,"Joining a thread that hasn't been started yet raises a RuntimeError. Full options: It blocks the calling thread, not the target thread; You can pass a timeout so it doesn't wait forever; Calling it before .start() makes sense and is common; It's typically called after starting all worker threads."
91,7,media_card,main,,What order to start and join threads?,"Start every thread first, then join every thread — never start one and join it before starting the next|Join every thread first, then start them|It never matters what order you use|Threads must be joined in the exact reverse order they were started",0,,fanout.wav,"The standard pattern is to start all threads first, and then call .join() on them all afterward; this ensures that you manage the lifecycle of all workers correctly."
92,7,true_false,exercise,91,"Starting, joining, then starting again runs threads sequentially.",true,true,,,"If you join A before starting B, B never overlaps with A — you've accidentally made it sequential."
93,7,multiple_choice,exercise,91,Which pattern actually lets 3 worker threads run concurrently?,"Fan-out, fan-in|Sequential start-join|One thread|Join-first",0,,,"Full options: Start all 3 first (fan-out), then join all 3 (fan-in); Start thread 1, join thread 1, start thread 2, join thread 2, ...; Only ever create 1 thread at a time; Join before starting each thread."
94,7,select_blank,exercise,91,[t.___() for t in threads] joins every thread.,join|start|run|wait,0,,,"Using a list comprehension with t.join() executes the join method on every thread object in the list, effectively waiting for each one to complete."
95,7,multiple_choice,exercise,91,Name for start-many-then-wait-all? (fan-___),fan-in|fan-out|round-robin|broadcast,0,,,Fan-in describes gathering results back together after fanning work out to multiple threads/tasks.
96,7,order,exercise,91,Order the steps to run 3 threads concurrently.,"Create 3 Thread objects|Call .start() on all 3|Call .join() on all 3|All 3 have now finished, having overlapped in time",,,,"The process must follow a specific order: first, you instantiate all thread objects; second, you call .start() on each to begin execution; and finally, you use .join() if the main program needs to wait for them."
97,8,media_card,main,,What's special about a daemon thread?,"It's killed automatically when the main program exits, even if it's still running|It runs faster than normal threads|It can't be stopped once started|It automatically restarts itself forever",0,,daemonthread.wav,"A daemon thread is designed for background cleanup; it will be automatically terminated when the main program exits, regardless of whether the thread itself was finished running."
98,8,true_false,exercise,97,"By default, Python waits for non-daemon threads to finish.",true,true,,,"That's correct; Python treats regular (non-daemon) threads as critical tasks, meaning the interpreter will wait for them to finish before allowing the entire program to exit gracefully."
99,8,multiple_choice,exercise,97,How do you mark a thread as daemon?,"threading.Thread(target=f,daemon=True)|threading.Thread(target=f).daemonize()|threading.daemon(f)|import daemon_thread",0,,,"You set it as a keyword argument when you create the thread object, passing `daemon=True` directly into the threading.Thread() constructor call."
100,8,select_blank,exercise,97,A ___ thread is killed when the program exits.,daemon|worker|main|zombie,0,,,"Daemon threads are background tasks that do not prevent the program from exiting; if they are still running when the main process finishes, Python automatically kills them. Worker or main threads, by contrast, keep the application alive until they complete their work."
101,8,multiple_choice,exercise,97,Which keyword marks a thread as daemon? (one word),daemon|background|detached|orphan,0,,,"Passing daemon=True to Thread() marks it as a daemon thread, which won't keep the program alive on its own."
102,8,match_pairs,exercise,97,Match each thread role to its behavior.,"main thread:runs your program's entry point, waits for others|worker thread:does a specific task, usually joined|daemon thread:killed automatically when main exits|non-daemon thread:keeps the program alive until it finishes",,cards/card_102.png,,"The non-daemon thread is crucial because it keeps the entire program running and waiting for completion. Daemon threads are background utilities that get shut down automatically when all primary, non-daemon tasks are finished."
103,8,multi_select,exercise,97,Which are good candidates for daemon=True?,Background logger|Critical writes|Heartbeat thread|Required write,0|2,cards/card_103.png,,"Anything doing critical work that must complete (unsaved data, a required file write) should NOT be a daemon — it could be killed mid-write. Full options: A background logging thread that should die with the app; A thread writing critical unsaved data to disk that must finish; A periodic heartbeat/ping thread; A one-time file-write thread whose output MUST be saved before exit."
104,8,media_card,main,,What is the 'main thread'?,"The thread that runs your top-level script code, created automatically when the program starts|A thread you must manually create first|The fastest thread in the program|A thread that only handles errors",0,,mainthread.wav,You can fetch it directly with threading.main_thread().
105,8,true_false,exercise,104,"Every process has one main thread, created automatically.",true,true,,,"Yes, every process must have a single starting point of execution, which is always handled by the main thread. This initial thread is what sets up and controls the entire flow of the program."
106,8,multiple_choice,exercise,104,Does the main thread wait for non-daemon threads?,"Yes, waits|No, exits|With sys.exit()|Windows only",0,,,"Full options: Yes — the process stays alive until every non-daemon thread finishes; No, it exits immediately regardless; Only if you call sys.exit(); Only on Windows."
107,8,select_blank,exercise,104,threading.main_thread() returns the ___ thread.,main|current|daemon|worker,0,,,"This function specifically retrieves a reference to the primary, initial thread that started the process. It returns the main thread object itself, regardless of which thread you are currently executing in."
108,8,type_answer,exercise,104,Which function returns the main thread? (threading.___()),main_thread,,,,"The `threading` module provides a dedicated class method, `main_thread()`, which is designed specifically to retrieve the object representing the initial thread of execution. This is the correct syntax for accessing that reference."
109,8,multi_select,exercise,104,Which of these are true about the main thread?,Auto-created|Runs top-level|Then exits|Needs .start(),0|1|2,,,"Full options: It's created automatically, not manually; It's the thread that runs your script's top-level code; The process it belongs to exits once it and all non-daemon threads finish; You must call .start() on it yourself."
110,9,media_card,main,,How do you get the current thread?,threading.current_thread()|threading.get_this_thread()|threading.self()|thread.now(),0,,currentthread.wav,That Thread object exposes .name (a readable label you can set) and .ident (its unique numeric id) — handy for logging and debugging.
111,9,true_false,exercise,110,Every thread has a settable .name attribute.,true,true,cards/card_111.png,,"That's right; most programming environments allow you to set a descriptive name on any thread object, which is very helpful for logging and debugging."
112,9,multiple_choice,exercise,110,Which attribute gives a thread's unique numeric identifier?,.ident|.id|.pid|.number,0,,,"The .ident attribute specifically retrieves the operating system's unique numeric identifier for that particular thread, unlike general IDs or process IDs."
113,9,select_blank,exercise,110,"threading.Thread(target=f,___='worker-1') names it for logs.",name|id|label|tag,0,,,
114,9,type_answer,exercise,110,Complete: t.___ gives a thread's numeric id.,ident,,,,You use t.ident because it is the specific property designed to access the thread's unique numeric identifier assigned by the operating system.
115,9,multi_select,exercise,110,Which of these help with debugging multi-threaded programs?,Named threads|current_thread().name|Reused names|.ident numeric,0|1|3,,,Full options: Naming threads with name= for readable log output; threading.current_thread().name inside log messages; Using the exact same name for every thread; .ident is a unique numeric identifier per thread.
116,9,media_card,main,,How many threads are currently alive?,threading.active_count()|len(threading)|threading.count()|threading.size(),0,,activecount.wav,"For the actual list of Thread objects, not just a count, use threading.enumerate() instead."
117,9,true_false,exercise,116,active_count() includes the main thread too.,true,true,,,
118,9,multiple_choice,exercise,116,What does threading.enumerate() return?,"Thread list|Integer count|Current name|Nothing, prints",0,,,Full options: A list of every currently-alive Thread object; A single integer count; The name of the current thread only; Nothing — it prints directly to the console.
119,9,select_blank,exercise,116,print(threading.___()) prints the alive thread count.,active_count|enumerate|current_thread|main_thread,0,,,
120,9,type_answer,exercise,116,Which function lists all live threads? (threading.___()),enumerate,,,,
121,9,multi_select,exercise,116,Which of these are true about active_count() and enumerate()?,Number only|Actual objects|Includes main|Worker required,0|1|2,,,Both work fine even with zero worker threads — the main thread alone still counts as 1. Full options: active_count() returns just a number; enumerate() returns actual Thread objects you can call .join() on; Both include the main thread; They only work while at least one worker thread is alive.
122,10,media_card,main,,Why can't a thread just return a value?,"Thread.start() runs in the background — there's no way to capture a plain return value from outside|Python threads can't return anything, ever, even internally|Return statements crash threads|Threads don't support functions with a return type",0,,threadreturn.wav,"The common fix: have the thread put its result on a thread-safe queue.Queue instead, and read it back after joining."
123,10,true_false,exercise,122,Workers often store results in a shared queue.,true,true,cards/card_123.png,,"Yes, using a shared queue is the standard and safest way to communicate results or status updates between worker threads without them interfering with each other's memory space."
124,10,multiple_choice,exercise,122,Which is a thread-safe way to collect results?,Use queue.Queue|Just return|Unlocked list|Print output,0,,,"Full options: Have each worker put its result on a queue.Queue; Have each worker return a value normally; Use a global list with no locking, since it's 'just Python'; Print the result and read it back from the console."
125,10,select_blank,exercise,122,An exception in a thread ___ propagate to .join().,does not|does|sometimes does|always does,0,,,An uncaught exception in a thread prints a traceback but does not re-raise in the joining thread — you have to capture and forward it yourself.
126,10,type_answer,exercise,122,Which class is a thread-safe hand-off point? (queue.___),Queue,,,,"The `queue` module provides specialized classes like `Queue` specifically designed with internal locks, making them inherently thread-safe for passing data between multiple concurrent threads."
127,10,multi_select,exercise,122,Which are valid ways to get a thread's result?,Queue append|Shared object|Pool result|Just return,0|1|2,cards/card_127.png,,"Thread.start() returns None — a plain function return value is lost unless you explicitly capture it. Full options: Append the result to a queue.Queue the main thread later reads; Store the result on a shared object and read it after .join(); Use a concurrent.futures thread pool, whose result objects have a real .result() method (covered soon); Just call return in the target function and catch it from Thread.start()."
128,10,media_card,main,,What happens on an uncaught thread exception?,"Python prints the traceback to stderr, but the rest of the program keeps running — it does NOT crash the main thread|The entire process crashes immediately|The exception is silently swallowed with no output at all|It automatically retries the function",0,,threadexception.wav,An unhandled exception in a worker thread typically prints the traceback to standard error but does not crash the main process or other running threads. You can intercept this behavior by overriding `threading.excepthook` if you need custom handling.
129,10,true_false,exercise,128,An unhandled thread exception won't stop other threads.,true,true,,,"That's correct; exceptions are generally contained within the failing worker thread, allowing other independent threads to continue running normally and preventing a full process crash."
130,10,multiple_choice,exercise,128,How does main learn of a worker's exception?,"Catch, report|No way|Auto re-raises|.exception attribute",0,,,"Full options: Catch it inside the target function yourself and store/report it (e.g. onto a queue); You can't — Python provides no way to check; It automatically re-raises in the main thread; Check the thread's .exception attribute, which always exists."
131,10,select_blank,exercise,128,Catching an error with error_queue.put(e) needs the keyword ___.,except|catch|rescue|error,0,,,"Since you are dealing with potential runtime errors, you must use the `except` block in Python syntax to correctly capture and handle the specific exception that occurs during the queue operation."
132,10,multiple_choice,exercise,128,Which hook handles uncaught thread exceptions? (one word),excepthook|unraisablehook|except_handler|error_hook,0,,,threading.excepthook is the callback you can override to globally handle exceptions that escape a thread.
133,10,multi_select,exercise,128,Which of these are true about exceptions in threads?,"No auto-propagate|Global excepthook|Catch, forward|Kills others",0|1|2,,,Full options: They don't automatically propagate to the thread that called .join(); threading.excepthook can be set to globally log uncaught thread exceptions; The safest pattern is to catch exceptions inside the target function and forward them explicitly; An exception in one thread always kills all other threads too.
134,11,media_card,main,,What is a race condition?,A bug where the result depends on the unpredictable timing/order of multiple threads touching shared data|A type of syntax error|A slow-running function|A thread that never finishes,0,,racecondition.wav,"A race condition happens when the final outcome depends on the unpredictable order in which multiple threads access and modify shared data. The other options describe different kinds of bugs or concepts, but only this option captures the timing dependency."
135,11,true_false,exercise,134,Unprotected counter increments across threads can lose updates.,true,true,cards/card_135.png,,"Because multiple threads might read the same initial value before any of them have a chance to write back their updated count, updates will overwrite each other and some increments will be lost."
136,11,multiple_choice,exercise,134,Why are race conditions especially hard to debug?,Timing-dependent|Always crash|Windows only|multiprocessing only,0,,,"Full options: They're timing-dependent and non-deterministic — the bug may not show up every run; They always crash the program immediately with a clear error; They only happen on Windows; They only happen with multiprocessing, never threading."
137,11,select_blank,exercise,134,"counter+=1 is actually ___ separate steps (read,add,write).",three|zero|infinite|two,0,,,"The operation `counter+=1` is not atomic; it must first read the current value, then calculate the new value (add), and finally write the result back. These three steps can be interrupted by another thread."
138,11,multiple_choice,exercise,134,Term for a timing-dependent shared-data bug? (x_condition),race condition|memory leak|livelock|buffer overflow,0,,,"A race condition is a bug caused by unpredictable timing between threads accessing shared data; deadlock and starvation are different failure modes. Livelock is another distinct failure mode: threads keep changing state in response to each other but never make real progress — unlike deadlock, they're not stuck, just stuck in a loop."
139,11,multi_select,exercise,134,Which of these situations can produce a race condition?,Unlocked list.append|total+=1 race|Separate locals|Dict write,1|3,cards/card_139.png,,list.append is actually thread-safe in CPython (GIL-protected bytecode op) — the real races come from read-modify-write patterns like total+=1 or writing the same dict key from two threads.
140,11,media_card,main,,What is a 'critical section' in concurrent code?,The specific block of code that accesses shared data and must not run on two threads at once|Any function that's marked as important|The very first line of a program|A section of code that only runs once,0,,criticalsection.wav,"A critical section is any segment of code that must execute exclusively; if multiple threads enter it simultaneously, data corruption or unpredictable behavior will occur because they are accessing shared resources. The other options are too vague to define this specific concurrency requirement."
141,11,true_false,exercise,140,Keeping a critical section small reduces contention.,true,true,,,"The smaller the critical section is, the less time threads spend waiting for access, which minimizes contention and improves overall performance."
142,12,multiple_choice,exercise,146,Standard tool for protecting a critical section?,threading.Lock|threading.Timer|queue.Lock|threading.local,0,,,"A standard lock object, like threading.Lock, is specifically designed to enforce mutual exclusion when multiple threads access shared resources. While other tools exist for synchronization, Lock is the fundamental mechanism for protecting a critical section."
143,11,select_blank,exercise,140,Only code touching ___ needs the critical section.,shared/mutable data|Any variable|Entire program|only strings,0,,,You must only protect the minimal code that reads or writes to variables accessible by multiple threads—this is your shared mutable data. Locking unrelated parts of the program introduces unnecessary overhead and complexity.
144,11,multiple_choice,exercise,140,Term for the protected region of code? (critical ___),critical section|safe zone|lock scope|sync zone,0,,,The critical section is the block of code that touches shared data and must be protected from concurrent access.
145,11,order,exercise,140,Order the steps to protect a critical section.,Identify exactly which lines touch shared data|Wrap only those lines with a lock|Leave everything else outside the lock|Threads now take turns only for the protected part,,cards/card_145.png,,"The process starts by identifying exactly which lines touch shared data, followed by wrapping only those specific lines with a lock while ensuring all non-critical logic remains outside the protected section."
146,12,media_card,main,,What does threading.Lock() give you?,"A mutex — only one thread can hold it at a time, so it protects a critical section|A way to make a thread run faster|A timer for delayed execution|A way to name a thread",0,,lock.wav,"It provides mutual exclusion, meaning only one thread can hold it at a time to protect a critical section of code. This prevents race conditions by ensuring synchronized access to shared resources."
147,12,true_false,exercise,146,Re-acquiring a plain Lock in the same thread deadlocks.,true,true,,,"This is true because when you try to acquire a lock that your current thread already holds, the thread waits indefinitely for itself to release it, causing a self-deadlock."
148,12,multiple_choice,exercise,146,Which pair of methods acquires and releases a Lock?,.acquire()/.release()|.lock()/.unlock()|.start()/.stop()|.get()/.put(),0,,,The explicit methods used to manually manage synchronization are `.acquire()` (to take ownership) and `.release()` (to give it back).
149,12,select_blank,exercise,146,The manual lock pattern starts with lock.___().,acquire|start|open|begin,0,,,You must explicitly call `.acquire()` first to gain ownership of the lock before you can safely enter the critical section.
150,12,multiple_choice,exercise,146,OS term for a one-thread-at-a-time lock? (one word),mutex|semaphore|monitor|barrier,0,,,A mutex (mutual exclusion lock) is the OS-level term for a lock that lets only one thread in at a time; a semaphore can allow more than one.
151,12,multi_select,exercise,146,Which of these are true about threading.Lock?,One holder|Second blocks|Reentrant safe|Causes deadlock,0|1|3,,,Plain Lock is NOT reentrant — that's exactly what RLock (next deck) is for. Full options: Only one thread can hold it at a time; A second acquire() from a different thread blocks until release(); It's reentrant — the same thread can acquire it twice safely; Forgetting to release() it can permanently block every other thread waiting on it.
152,12,media_card,main,,Why use 'with lock:' over manual calls?,It automatically releases the lock even if an exception happens inside the block|It makes the lock faster|It lets multiple threads hold the lock at once|It removes the need for a lock entirely,0,,lockcontextmanager.wav,"The `with` statement acts as a context manager, guaranteeing that the lock is automatically released when the block exits—even if an exception or error occurs inside. This prevents deadlocks from unreleased locks."
153,12,true_false,exercise,152,Skipping try/finally risks a lock staying held forever.,true,true,cards/card_153.png,,
154,12,multiple_choice,exercise,152,Safest syntax to use a Lock?,with lock:critical_work()|lock.acquire(); critical_work()|lock.safe(): critical_work()|lock.protect(critical_work),0,,,
155,12,select_blank,exercise,152,___ lock: critical_work() auto-acquires and releases.,with|using|lock|try,0,,,
156,12,multiple_choice,exercise,152,Which keyword uses context managers? (one word),with|as|using|try,0,,,"Lock implements __enter__/__exit__, the context manager protocol, so it works with the with statement to acquire and release automatically."
157,12,multi_select,exercise,152,Which of these are true about 'with lock:'?,Auto-acquires|Auto-releases always|Recommended pattern|Prevents double-lock,0|1|2,,,"Full options: It calls acquire() automatically on entry; It calls release() automatically on exit, even if an exception was raised; It's the recommended pattern over manual acquire()/release(); It prevents the lock from ever being acquired by two threads."
158,13,media_card,main,,What problem does RLock solve?,It lets the SAME thread acquire it multiple times (e.g. in recursive calls) without deadlocking itself|It makes locking faster|It lets multiple different threads hold it at once|It removes the need for release(),0,,rlock.wav,This is threading.RLock (reentrant lock) — a process-level equivalent also exists for the same purpose across separate processes.
159,13,true_false,exercise,158,An RLock releases match its acquire count.,true,true,,,An RLock tracks how many times it has been acquired by the same thread and will only fully release when that internal count reaches zero.
160,13,multiple_choice,exercise,158,Which lock type self-deadlocks on recursive re-acquire?,Plain Lock|RLock|Neither|Both,0,,,A plain threading.Lock self-deadlocks if the same thread re-acquires it; RLock (reentrant) is built exactly to allow that.
161,13,select_blank,exercise,158,threading.___() creates a reentrant lock.,RLock|Lock|Event|Semaphore,0,,,You must use RLock because it is specifically designed to allow a single thread to safely acquire the lock multiple times without causing a deadlock.
162,13,multiple_choice,exercise,158,What does 'R' in RLock stand for?,Reentrant|Recursive|Repeatable|Restricted,0,,,RLock stands for Reentrant Lock — the same thread can acquire it multiple times without deadlocking itself.
163,13,multi_select,exercise,158,Which of these are true about RLock vs Lock?,Safe re-acquire|Others block|Identical behavior|Matched releases,0|1|3,cards/card_163.png,,Full options: RLock can be safely re-acquired by the same thread that already holds it; A different thread trying to acquire an RLock someone else holds still blocks normally; Lock and RLock have identical behavior in every case; RLock must be released the same number of times it was acquired.
164,14,media_card,main,,What is a deadlock?,"A situation where two or more threads are each waiting on a lock the other holds, so none can proceed|A thread that runs too slowly|A crash caused by too much memory use|A lock that's been acquired too many times",0,,deadlock.wav,"A deadlock occurs when two or more threads are stuck in a circular wait, each holding a resource that another thread needs to continue processing."
165,14,true_false,exercise,164,Classic deadlock: A holds Lock1 waits Lock2; B reverse.,true,true,,,
166,14,multiple_choice,exercise,164,What's the telltale symptom of a deadlock?,Hangs forever|Crashes clearly|Runs slower|Garbled output,0,,,"Full options: The program just hangs forever, using no CPU, making no progress; The program crashes with a clear DeadlockError; The program runs slightly slower than expected; The program prints garbled output."
167,14,select_blank,exercise,164,Deadlock requires ___ waiting between threads.,circular|linear|no|infinite,0,,,
168,14,multiple_choice,exercise,164,Term for threads stuck waiting forever? (one word),deadlock|race condition|livelock|buffer overflow,0,,,"Deadlock is when threads wait on each other forever, with no thread able to make progress."
169,14,multi_select,exercise,164,Which of these are classic deadlock ingredients?,Inconsistent order|Hold-and-wait|No locking|Consistent order,0|1,,,"A consistent global lock-acquisition order (option 4) is actually the standard PREVENTION for deadlock, not a cause. Full options: Multiple locks acquired in inconsistent order across threads; Each thread holding one lock while waiting for another; A single thread that never touches any lock; Threads that always acquire locks in the exact same global order."
170,14,media_card,main,,How do you prevent lock-ordering deadlocks?,"Always acquire multiple locks in the same, fixed global order across every thread|Never use more than one lock in a program|Always use RLock instead of Lock|Acquire locks in a random order each time",0,,lockordering.wav,This fixed acquisition order is called lock ordering — it prevents circular-wait deadlocks.
171,14,true_false,exercise,170,"acquire(timeout=2) lets a thread stop waiting, avoiding deadlock.",true,true,cards/card_171.png,,
172,14,multiple_choice,exercise,170,Does consistent lock order prevent the 2-lock deadlock?,No|Yes|3+ locks|Windows only,0,,,"Full options: No — consistent ordering eliminates the circular-wait condition; Yes, it makes no difference; Only if there are 3 or more locks; Only on Windows."
173,14,select_blank,exercise,170,lock.acquire(___=2) gives up after 2 seconds instead of blocking.,timeout|wait|delay|limit,0,,,
174,14,multiple_choice,exercise,170,Fixed lock-acquire order is called lock ___.,ordering|hierarchy|priority|sequencing,0,,,"Lock ordering means always acquiring multiple locks in the same fixed order across the whole program, which prevents circular-wait deadlocks."
175,14,order,exercise,170,Order these deadlock-prevention steps for multi-lock systems.,Identify every lock the program uses|Assign each lock a fixed global order (e.g. alphabetical)|Make every thread acquire locks in that same order|Optionally add acquire(timeout=...) as a safety net too,,,,
176,15,media_card,main,,What does 'atomic' mean here?,"It completes as a single, indivisible step — no other thread can observe it half-done|It uses atomic (nuclear) energy to run faster|It always runs first|It can be paused and resumed freely",0,,atomic.wav,
177,15,true_false,exercise,176,The GIL makes some ops like list.append() effectively atomic.,true,true,,,
178,15,multiple_choice,exercise,176,Which is NOT atomic and needs a lock?,counter+=1|my_list.append(x)|x=5|Read value,0,,,"+= is a read, then a compute, then a write — three separate steps another thread can interleave with."
179,15,select_blank,exercise,176,Relying on GIL atomicity is ___ practice.,risky/fragile|the best|required|deprecated,0,,,
180,15,multiple_choice,exercise,176,Term for an unobservable-half-state operation? (one word),atomic|synchronous|immutable|sequential,0,,,An atomic operation appears to happen all at once — there's no intermediate state another thread could observe.
181,15,multi_select,exercise,176,Which are generally atomic in standard CPython?,list.append(x)|counter=counter+1|dict[key]=value|counter+=1,0|2,,,"counter=counter+1 and counter+=1 are the same non-atomic read-modify-write under the hood, just written differently — neither is really safe without a lock, unlike a single append() or assignment."
182,15,media_card,main,,Why is counter+=1 dangerous across threads?,"It's actually 3 separate steps (read counter, add 1, write counter back) — another thread can run between any of them|Python executes += atomically no matter what|It only breaks when using floats, never integers|It's only dangerous with more than 100 threads",0,,readmodifywrite.wav,
183,15,true_false,exercise,182,Wrapping counter+=1 in 'with lock:' makes it safe.,true,true,,,
184,15,multiple_choice,exercise,182,1M unsynchronized counter+=1 calls typically produce what?,Under 1M|Exactly 1M|Always 0|Crashes,0,,,"Lost updates from interleaved read-modify-write is the classic symptom of this exact bug. Full options: Some number less than 1,000,000 — some increments get silently lost; Always exactly 1,000,000; Always 0; A Python crash every time."
185,15,select_blank,exercise,182,with lock:counter___=1 makes the sequence safe.,+|-|*|/,0,,,
186,15,multiple_choice,exercise,182,"Pattern: read, compute, write back? (read-___-write)",modify|update|compute|transform,0,,,"Read-modify-write describes the classic bug-prone pattern: read a value, compute a new one, then write it back — another thread can sneak in between the steps."
187,15,multi_select,exercise,182,Which need explicit locking as read-modify-write ops?,"counter+=1|total_list.append(x)|balance-=amount|cache[key]=cache.get(key,0)+1",0|2|3,,,total_list.append(x) is actually atomic in CPython (GIL-protected) — included as a check on whether you can tell atomic ops from read-modify-write ones.
188,16,media_card,main,,What is a threading.Event used for?,"A simple flag one thread can set and others can wait on, to signal 'something happened'|Scheduling a function to run later|Locking a critical section|Storing per-thread private data",0,,event.wav,
189,16,true_false,exercise,188,event.wait() blocks until event.set() is called.,true,true,,,
190,16,multiple_choice,exercise,188,Which method resets an Event's flag to False?,.clear()|.reset()|.stop()|.off(),0,,,The Event object uses the .clear() method specifically to reset its internal flag back to False. Other methods like .reset() or .stop() do not exist for this purpose in Python's threading module.
191,16,select_blank,exercise,188,event.wait(___=5) waits at most 5 seconds.,timeout|delay|limit|wait,0,,,"When using the wait() function, you must pass a timeout argument to specify the maximum amount of time (in seconds) the thread should wait before giving up."
192,16,multiple_choice,exercise,188,"Which method sets an Event, waking waiters?",set|notify|signal|trigger,0,,,Event.set() flips the internal flag to True and wakes every thread waiting on it.
193,16,multi_select,exercise,188,Which of these are true about threading.Event?,Wakes all|Non-blocking check|One-time use|.clear() reusable,0|1|3,,,"Full options: One thread can call .set() and multiple waiting threads all wake up; .is_set() checks the flag without blocking; An Event can only ever be used once, then must be discarded; .clear() resets it so it can be reused for the next signal."
194,16,order,exercise,188,Order this Event-based 'wait for ready' pattern.,Worker threads call event.wait() and block|Main thread finishes setup work|Main thread calls event.set()|All waiting worker threads wake up and proceed,,cards/card_194.png,,"The pattern starts with the main thread finishing setup work. Next, worker threads call event.wait() and block; finally, the main thread calls event.set(), which signals all waiting workers to proceed."
195,17,media_card,main,,What problem does Condition solve?,"It lets a thread wait for a specific, arbitrary condition on shared state, combined with a lock for safe checking|It makes threads run faster|It replaces the need for any locks at all|It only works with one waiting thread ever",0,,condition.wav,You are correct; the while-loop re-check pattern is necessary because wait() might return even if the condition isn't ready yet—a phenomenon called a spurious wakeup—so you must always verify the state.
196,17,true_false,exercise,195,A Condition needs its lock held before wait/notify.,true,true,,,"Yes, you absolutely need to hold the lock when calling wait(). This is crucial because it ensures that no other thread can change the shared state between when you check the condition and when you actually release the lock inside wait()."
197,17,multiple_choice,exercise,195,"Why re-check in a while loop, not if?",Spurious wakeups|Loops faster|2 checks|Fires twice,0,,,Full options: Because .wait() can wake up even when the condition still isn't actually true (spurious wakeup) — re-check it; Because while loops are faster than if statements; Because Condition objects require exactly 2 checks; Because notify() always fires twice.
198,17,select_blank,exercise,195,___() releases the lock while waiting to be notified.,wait|sleep|pause|hold,0,,,The wait() method is specifically designed for synchronization; it releases the object's intrinsic lock while the thread suspends itself. Calling Thread.sleep() only pauses execution and does not handle monitor synchronization or lock release.
199,17,type_answer,exercise,195,Which method wakes all waiting threads? (notify____),all,,,,"It is notifyAll(), which correctly signals every single thread currently blocked on that condition object to wake up and re-check their waiting conditions."
200,17,multi_select,exercise,195,Which of these are true about threading.Condition?,"Lock required|Releases, reacquires|Wakes one|Producer-consumer pattern|Skips locking",0|1|2|3,,,"Full options: You must hold its lock before calling wait()/notify(); wait() releases the lock while blocked, then reacquires it before returning; notify() wakes exactly one waiting thread by default; It's typically used to implement produce-then-consume coordination patterns. ""Skips locking"" is false — Condition always requires holding its lock."
201,17,media_card,main,,When should you call notify() instead of notify_all()?,"When only one waiting thread needs to wake up to handle the new state, e.g. one new item for one consumer|Never — notify_all() is always strictly better|When you want every thread in the program to stop|notify() and notify_all() always do exactly the same thing",0,,notifyvsnotifyall.wav,"Use notify() when you know for sure that only one specific type of waiting thread can proceed based on the new state (e.g., filling one slot in a queue). However, if multiple types of threads might be waiting, using notifyAll() is generally safer."
202,17,true_false,exercise,201,notify() wakes one waiter; notify_all() wakes every waiter.,true,true,,,"This is correct; notify() arbitrarily selects and wakes up only a single waiting thread, while notifyAll() ensures all threads wake up to re-evaluate their conditions."
203,17,multiple_choice,exercise,201,Why might notify_all() be safer than notify()?,Wrong waiter|Deprecated|Always faster|1-thread only,0,,,"notify_all() trades a little extra wakeup overhead for the guarantee that whichever thread the new state is actually meant for gets a chance to re-check its while condition. Full options: Because with notify(), Python doesn't guarantee WHICH waiter wakes, so the 'wrong' one could wake and find nothing to do, missing a wakeup for the item that actually arrived; Because notify() is deprecated; Because notify_all() runs faster in every case; Because notify() only works with exactly one thread total."
204,17,select_blank,exercise,201,with condition:state_changed();condition.___() wakes all.,notify_all|notify|wait|acquire,0,,,
205,17,multiple_choice,exercise,201,Which method wakes only one thread? (one word),notify|notify_all|set|release,0,,,Condition.notify() wakes only one waiting thread by default; notify_all() would wake every one of them.
206,17,multi_select,exercise,201,Which are true about notify() vs notify_all()?,Interchangeable OK|Distinct needs|Requires lock|Oldest first,0|1|2,,,"Which specific thread notify() wakes is not guaranteed or ordered by wait time. Full options: notify() is a reasonable choice when any one waiter can handle the new item interchangeably; notify_all() is safer when different waiters are looking for different, specific conditions; Both require the calling thread to be holding the Condition's lock; notify() guarantees it wakes the thread that's been waiting longest."
207,17,order,exercise,201,Order this Condition-based producer-consumer pattern.,"Consumer acquires the lock, then calls wait() while the queue is empty|Producer acquires the lock, adds an item, calls notify()|A waiting consumer wakes, reacquires the lock, re-checks the queue|Consumer finds an item and processes it, releasing the lock",,cards/card_207.png,,
208,18,media_card,main,,What does a threading.Semaphore let you control?,"How many threads can access a limited resource concurrently, via an internal counter|Whether a thread is a daemon|The name of a thread|How long a thread sleeps",0,,semaphore.wav,
209,18,true_false,exercise,208,Semaphore(3) lets 3 threads hold it; the 4th blocks.,true,true,,,"A semaphore is initialized with a count, so if you set it to 3, only three threads can proceed; the fourth one must wait until a resource is released."
210,18,multiple_choice,exercise,208,"Which method decreases the counter, blocking at zero?",.acquire()|.decrement()|.lock()|.take(),0,,,"The acquire() method is designed to safely decrease the internal counter; if the count is already zero, calling it will automatically block until another thread releases the semaphore."
211,18,select_blank,exercise,208,pool=threading.Semaphore(___) allows 5 threads at once.,5|1|0|True,0,,,"You must pass the desired limit, which is 5 in this case; passing 1 would only allow one thread at a time, and 0 would block immediately."
212,18,multiple_choice,exercise,208,Semaphore(1) behaves like a...? (one word),Lock|RLock|Barrier|Event,0,,,"A Semaphore initialized with a count of 1 only lets one thread through at a time, the same behavior as a plain Lock."
213,18,multi_select,exercise,208,Which of these are good uses for a Semaphore?,Pool limit|API limiting|Blocks all|Cap workers,0|1|3,,,Full options: Limiting concurrent connections to a database pool to a max of 10; Rate-limiting how many API calls run at once; Ensuring exactly zero threads ever run a function; Capping the number of worker threads processing a shared resource simultaneously.
214,18,media_card,main,,What extra safety does BoundedSemaphore add?,It raises an error if release() is called more times than acquire() — catching a common bug|It runs faster|It allows unlimited threads|It removes the need for acquire() entirely,0,,boundedsemaphore.wav,"The extra release() raises a ValueError, since the internal counter would exceed its original value."
215,18,true_false,exercise,214,An extra .release() silently raises a Semaphore's limit.,true,true,,,"This is exactly the bug BoundedSemaphore catches — with it, that extra release() raises a ValueError instead."
216,18,multiple_choice,exercise,214,When should you generally prefer BoundedSemaphore over plain Semaphore?,Almost always|Never|I/O-bound only|count=1 only,0,,,Full options: Almost always — it catches acquire/release mismatches as bugs instead of silently corrupting the limit; Never — it's strictly slower with no benefit; Only for I/O-bound code; Only when count=1.
217,18,select_blank,exercise,214,threading.___(5) errors on an extra release().,BoundedSemaphore|Semaphore|Lock|RLock,0,,,Only a BoundedSemaphore tracks its internal count and will raise an error if you try to release it when the counter is already at its maximum capacity.
218,18,multiple_choice,exercise,214,What exception fires on an extra release()? (one word),ValueError|RuntimeError|OverflowError|IndexError,0,,,"BoundedSemaphore raises ValueError if release() would push the internal counter above its initial value, catching a logic bug."
219,18,multi_select,exercise,214,Which of these are true about BoundedSemaphore vs Semaphore?,Same limiting|Catches over-release|Safer default|Faster API,0|1|2,,,Full options: Both limit the number of concurrent holders the same way; BoundedSemaphore catches too-many-release() bugs; plain Semaphore doesn't; BoundedSemaphore is generally the safer default choice; Plain Semaphore is faster with a meaningfully different API.
220,19,media_card,main,,What does threading.Timer do?,"Runs a function once, after a specified delay, on its own thread|Runs a function repeatedly forever|Measures how long code takes to run|Pauses the main thread for a fixed time",0,,timer.wav,"A Timer is specifically used to execute a callable (a function) exactly one time after a set amount of time has passed, all managed in its own background thread."
221,19,true_false,exercise,220,A Timer subclasses Thread; .start() begins the countdown.,true,true,,,"That's correct; because it inherits from `Thread`, calling `.start()` immediately initiates the background process, which begins counting down to the execution time."
222,19,multiple_choice,exercise,220,Which method cancels a Timer before it fires?,.cancel()|.stop()|.kill()|.abort(),0,,,"You must use the dedicated `.cancel()` method, which safely stops the scheduled execution without requiring forceful termination like `.kill()`."
223,19,select_blank,exercise,220,"t=threading.Timer(___,my_func) fires after 10s.","10|10.0,my_func|my_func,10|None",0,,,"The correct syntax requires the time delay as the very first positional argument; therefore, you must pass '10' before specifying the function to be run."
224,19,type_answer,exercise,220,Which class schedules a delayed one-time call? (threading.___),Timer,,,,
225,19,multi_select,exercise,220,Which of these are true about threading.Timer?,Needs .start()|Too-late cancel|One-time only|Main thread,0|1|2,,,"Timer runs the callback on its own separate thread, not the main thread. Full options: You must call .start() to begin the delay countdown; .cancel() has no effect if the function has already started running; It's meant for a one-time delayed call, not repeating schedules; It runs the function on the main thread."
226,20,media_card,main,,What does threading.local() give each thread?,"Its own private, isolated copy of an attribute — no locking needed, no data shared between threads|A shared global variable all threads see identically|A faster version of a regular variable|A read-only constant",0,,threadlocal.wav,
227,20,true_false,exercise,226,threading.local() values differ per thread.,true,true,,,
228,20,multiple_choice,exercise,226,What's a classic real-world use case for thread-local storage?,Per-thread connections|Shared counter|Identical everywhere|All locks,0,,,Full options: Giving each thread its own separate database connection or request context; Sharing a single counter across all threads; Storing data that must be identical everywhere; Replacing locks in every situation.
229,20,select_blank,exercise,226,_storage=threading.___() gives each thread its own attrs.,local|Lock|Event|shared,0,,,
230,20,type_answer,exercise,226,Which creates per-thread isolated storage? (threading.___()),local,,,,
231,20,multi_select,exercise,226,Which of these are true about threading.local()?,Per-thread value|Avoids locking|Web servers|Cross-thread reads,0|1|2,,,"Full options: Each thread reading/writing the same attribute name gets its own independent value; It avoids needing a lock for that specific data, since there's no sharing; It's commonly used for per-thread database connections or request context in web servers; Two threads can read each other's threading.local() values directly."
232,21,media_card,main,,How do you create and start a process?,"Create a multiprocessing.Process object with a target function, then call .start()|Call process() directly like a function|Import the threading module|Write async def before every function",0,,process.wav,
233,21,true_false,exercise,232,Process(target=my_func).start() runs my_func in a new OS process.,true,true,,,
234,21,multiple_choice,exercise,232,How is Process's API similar to Thread's?,Same API|No similarity|No .start()|Needs multiprocessing,0,,,"Full options: They're deliberately near-identical: both use target=, args=, .start(), .join(); They share absolutely no similar methods; Process has no .start() method; Thread requires the multiprocessing module too."
235,21,select_blank,exercise,232,"p=multiprocessing.Process(target=worker,___=(5,10)) passes args.",args|kwargs|params|inputs,0,,,
236,21,multiple_choice,exercise,232,Which module creates real OS processes? (one word),multiprocessing|threading|asyncio|os,0,,,"The multiprocessing module spawns real, separate OS processes rather than threads."
237,21,multi_select,exercise,232,Which of these are true about multiprocessing.Process?,Own process|Needs .start()|Shares memory|args= positional,0|1|3,,,"Processes do NOT share memory by default — that's exactly what makes them safe from GIL contention, but means you need explicit inter-process communication (Section 6) to share data. Full options: Each Process runs in its own separate OS process, with its own memory and its own GIL; .start() is required to actually launch it, same as Thread; It shares memory directly with the parent process by default, just like a thread; args= passes positional arguments to the target function."
238,21,media_card,main,,How do you wait for a process?,".join() blocks until it finishes; .is_alive() checks without blocking — same names as Thread|Only .wait() exists for processes|Processes finish instantly, there's nothing to wait for|You must poll the OS process table manually",0,,processjoin.wav,".join() is the function you use to pause your program until the process has completed its work; conversely, .is_alive() simply checks the status without ever pausing."
239,21,true_false,exercise,238,"p.join(timeout=5) waits at most 5s, like Thread.join().",true,true,,,"Yes, processes behave similarly to threads in this regard, meaning that passing a timeout argument limits how long join will wait for completion."
240,21,multiple_choice,exercise,238,"Without .join(), what risk does the program run?",Early exit|Child killed|No risk|Runs twice,0,,,Full options: It might exit before checking on/collecting the child process's outcome; The child process is killed immediately; Nothing — join() is not needed for processes; The child process runs twice.
241,21,select_blank,exercise,238,"To poll a process without blocking, check p.___().",is_alive|join|wait|check,0,,,You must use .is_alive() because it provides an immediate boolean check of the process status without causing your program to hang or block execution.
242,21,multiple_choice,exercise,238,Which method blocks until a process finishes? (one word),join|wait|block|terminate,0,,,"Process.join() blocks the calling code until the target process finishes, just like Thread.join()."
243,21,multi_select,exercise,238,Which of these are true about waiting on processes?,join() blocks|Non-blocking check|Mirrors Thread|No joining,0|1|2,,,"It is true that join() blocks, is_alive() allows non-blocking checks, and Python designed the Process API to closely mirror the Thread API for consistency."
244,22,media_card,main,,How does thread memory differ from process memory?,Threads share one process's memory space; each process has its own completely separate memory space|Threads and processes share memory identically|Processes share memory but threads don't|Neither threads nor processes ever share any memory,0,,memoryisolation.wav,
245,22,true_false,exercise,244,A child's variable change isn't visible to the parent.,true,true,cards/card_245.png,,
246,22,multiple_choice,exercise,244,Why is memory isolation safer for CPU-bound work?,No sharing|Always faster|Never crash|Less memory,0,,,Full options: No shared mutable state means no GIL contention and no need to lock against other processes for pure computation; Processes run Python code faster in general; Processes can't crash; Processes always use less memory than threads.
247,22,select_blank,exercise,244,Sharing data across processes needs explicit ___.,communication|nothing extra|the GIL|threading.local,0,,,
248,22,multiple_choice,exercise,244,Term for cross-process data communication? (abbreviation),IPC|RPC|API|ABI,0,,,"IPC stands for Inter-Process Communication — the mechanisms (queues, pipes, shared memory) processes use to exchange data."
249,22,multi_select,exercise,244,Which are true about thread vs process memory?,Shared heap|Own memory|Cross-process lock|IPC needed,0|1|3,,,"A Lock created in one process has no effect on a different process — locks (like everything else) aren't automatically shared across process boundaries. Full options: Threads within one process share the same heap/global variables directly; Processes each get their own separate address space; A lock in one process automatically protects data in another process; Sharing data across processes needs explicit mechanisms, unlike threads."
250,22,media_card,main,,What does 'copy-on-write' mean for forking?,"The child process shares the parent's memory pages until either one tries to modify them — only then is a private copy actually made|Every byte of memory is copied immediately when the process starts|Nothing is ever copied, memory stays fully shared forever|Only files, never memory, are copied",0,,copyonwrite.wav,
251,22,true_false,exercise,250,Copy-on-write lets a forked child start up cheaply.,true,true,,,
252,22,multiple_choice,exercise,250,What's a real cost of using many processes?,Higher overhead|Always slower|No multi-core|No difference,0,,,Full options: Higher memory and process-startup overhead per process; Processes always run slower per-instruction than threads; Processes cannot use multiple CPU cores; There is no cost difference at all.
253,22,select_blank,exercise,250,Copy-on-write is a feature the ___ provides.,operating system|Python interpreter|GIL|threading module,0,,,
254,22,multiple_choice,exercise,250,copy-on-___ delays duplicating memory until a write. (one word),write|read|merge|access,0,,,"Copy-on-write delays actually duplicating a memory page until one process writes to it, saving memory when pages are only read."
255,22,multi_select,exercise,250,Which are true about process overhead and copy-on-write?,Cheap start|Higher cost|fork-method only|Never needed,0|1|2,,,"Full options: Copy-on-write can make forking a large parent process relatively cheap at first; Spinning up many processes still costs more memory/time than spinning up many threads overall; Copy-on-write is only available with the 'fork' start method, not spawn/forkserver; Copy-on-write means processes never actually need their own memory."
256,23,media_card,main,,What does the 'fork' start method do?,"Duplicates the current process (including its memory) at the OS level to create the child — fast, but unsafe if the parent has threads running|Starts a brand-new, empty Python interpreter|Only works on Windows|Copies files to a new folder",0,,fork.wav,"Fork creates a near-perfect duplicate of the entire running process at the OS level, which is incredibly fast because it copies memory instantly. This duplication makes it powerful but unsafe if the parent process has complex state like active threads."
257,23,true_false,exercise,256,A forked child inherits the parent's memory and imports.,true,true,,,"Yes, that's right; since forking duplicates the entire process state at the operating system level, the child starts with a copy of all the parent's variables and loaded modules."
258,23,multiple_choice,exercise,256,How does 'spawn' differ from 'fork'?,Fresh interpreter|Identical|Never creates|Queue-only,0,,,"Full options: It starts a completely fresh Python interpreter process, re-importing everything — slower, but avoids inheriting risky parent state; It's identical to fork in every way; It never actually creates a new process; It only works when using queues."
259,23,select_blank,exercise,256,'spawn' is slower because it must ___ modules fresh.,re-import|delete|encrypt|compress,0,,,'Spawn' is slower because it must re-import every module in a brand new Python interpreter instance. This setup process takes more time compared to simply duplicating an already running process.
260,23,multiple_choice,exercise,256,Which start method duplicates parent memory? (one word),fork|spawn|forkserver|clone,0,,,"fork duplicates the parent process's memory at the OS level, which makes it the fastest start method — but it isn't available on Windows."
261,23,multi_select,exercise,256,Which of these are true about 'fork' vs 'spawn'?,fork faster|spawn re-imports|Threads unsafe|Shares memory,0|1|2,,,"Full options: fork is generally faster to start than spawn; spawn re-imports the target module fresh in the new process; fork can be unsafe if the parent process has other threads running; spawn shares the parent's memory directly, just like fork."
262,23,media_card,main,,What changed in multiprocessing defaults on Linux?,"It changed from 'fork' to 'forkserver' — 'fork' is still available, but no longer the default anywhere|Nothing changed, 'fork' is still the default everywhere|'spawn' became the default on Linux instead|Multiprocessing was removed from Linux entirely",0,,forkserver.wav,This change landed in Python 3.14 — macOS and Windows still default to 'spawn'.
263,23,true_false,exercise,262,"In 3.14, 'fork' is no longer any platform's default.",true,true,,,Windows and macOS already defaulted to 'spawn'; Python 3.14 moved Linux/other-Unix from 'fork' to 'forkserver'.
264,23,multiple_choice,exercise,262,What does the 'forkserver' method do?,Helper process|Just spawn|Docker only|Disables it,0,,,"Full options: Starts one clean helper process early, then forks NEW child processes from that clean helper, avoiding forking a process that has grown many threads; It's just another name for 'spawn'; It only works inside Docker containers; It disables multiprocessing entirely."
265,23,select_blank,exercise,262,multiprocessing.get_context(___) requests 'fork' explicitly.,'fork'|'spawn'|'default'|'classic',0,,,"If you want to explicitly force the context manager to use forking, you must pass the string argument 'fork' to get_context()."
266,23,multiple_choice,exercise,262,New default start method on Linux/Unix? (one word),forkserver|fork|spawn|clone,0,,,"As of Python 3.14, forkserver is the new default on Linux and other non-macOS Unix platforms, avoiding some of fork's pitfalls while still starting faster than spawn."
267,23,multi_select,exercise,262,Which of these are accurate as of Python 3.14?,macOS/Windows: spawn|Linux: forkserver|fork removed|Safety fix,0|1|3,,,"'fork' still exists and can be explicitly requested via get_context('fork') — it just isn't the automatic default anymore. Full options: macOS and Windows both default to 'spawn'; Linux/other Unix now defaults to 'forkserver', not 'fork'; 'fork' was completely removed and can no longer be used at all; The change happened because bare fork() is unsafe when the parent process has running threads."
268,24,media_card,main,,Why does 'spawn' need the __main__ guard?,"Because 'spawn' re-imports the main script in the child process — without the guard, the child would try to spawn its own children infinitely|Because Windows doesn't support multiprocessing at all|Because it's required by every single Python script, always|Because it makes the code run faster",0,,mainguard.wav,
269,24,true_false,exercise,268,Forgetting __main__ guard under 'spawn' can loop forever.,true,true,,,
270,24,multiple_choice,exercise,268,Where must Process-creation code live safely?,__main__ block|Anywhere|A class|try/except block,0,,,"Full options: Inside an if __name__ == '__main__': block (or a function called from one); Anywhere at all, it never matters; Only inside a class; Only inside a try/except block."
271,24,select_blank,exercise,268,if __name__==___: guards top-level code from re-running.,"""__main__""|""main""|""__init__""|""start""",0,,,
272,24,multiple_choice,exercise,268,Which start method makes the guard mandatory? (one word),spawn|fork|forkserver|clone,0,,,"spawn starts a fresh interpreter that re-imports your module, so anything that shouldn't run on import must sit behind if __name__ == '__main__' — making the guard mandatory, not just good practice."
273,24,multi_select,exercise,268,Which are true about platform multiprocessing gotchas?,Picklable required|fork lenient|Lambdas unpicklable|No gotchas,0|1|2,,,"Full options: Code under 'spawn'/'forkserver' must be picklable, since it's sent to a fresh interpreter; 'fork' doesn't need the __main__ guard as strictly, since it doesn't re-import the module; Lambda functions generally can't be passed as a Process target under 'spawn', since they're not picklable; Every platform behaves identically with zero gotchas."
274,25,media_card,main,,How do you check if a process succeeded?,"Read its .exitcode attribute after joining — 0 means success, non-zero (or None if it hasn't exited) means something else|Processes never fail, only threads can|Check .success attribute, which always exists|There is no way to know",0,,exitcode.wav,
275,25,true_false,exercise,274,p.exitcode is None until the process exits.,true,true,,,"The p.exitcode attribute only gets populated once the subprocess has actually finished running, so before that time, it remains None."
276,25,multiple_choice,exercise,274,What does a negative exitcode (e.g. -9) typically mean?,Signal-killed|Finished OK|Still running|Impossible,0,,,Full options: The process was killed by a signal (the negative of the signal number); The process finished successfully; The process is still running; Negative exit codes are impossible.
277,25,select_blank,exercise,274,p.exitcode ___ 0 checks for a non-zero exit code.,!=|==|<|is,0,,,"To check if the process failed, you need to see if the exit code is not equal to zero (!= 0). Using == 0 would only confirm success."
278,25,multiple_choice,exercise,274,Which attribute tells how a Process exited? (one word),exitcode|returncode|status|result,0,,,"A finished Process object's exitcode attribute tells you how it exited (0 for success, non-zero or negative for an error/signal)."
279,25,multi_select,exercise,274,Which of these are true about process exit codes?,None first|Zero=success|Negative=signal|Before join(),0|1|2,,,"You should check exitcode AFTER join() (or once is_alive() is False) — before that, the process may not have finished yet and exitcode is unreliable/None. Full options: exitcode is None until the process has actually finished; An exitcode of 0 conventionally means success; A negative exitcode indicates the process was terminated by a signal; You should check exitcode BEFORE calling join(), never after."
280,25,media_card,main,,What happens on an uncaught child exception?,"The child process exits with a non-zero exitcode and prints a traceback — but the exception does NOT automatically propagate into the parent process|The entire program including the parent crashes immediately|Nothing happens, it's silently ignored everywhere|The parent process re-raises it in the exact same form automatically",0,,processexception.wav,"To learn about it in the parent, have the child put the exception on a multiprocessing.Queue for the parent to read."
281,25,true_false,exercise,280,Process exceptions are more isolated than thread exceptions.,true,true,cards/card_281.png,,"At least a thread shares the same process/memory; a child process is a completely separate program, so its exception truly can't cross the boundary on its own."
282,25,multiple_choice,exercise,280,How do you report a child process's error?,Via Queue|Auto-appears|Shared list|No way,0,,,Full options: Put the exception (or its message) onto a multiprocessing.Queue that the parent reads; Rely on the exception automatically appearing in the parent; Use a regular Python list shared by reference; There is no way to do this.
283,25,select_blank,exercise,280,A non-zero p.___ after join() signals failure.,exitcode|name|pid|daemon,0,,,"The process's final status is stored in the p.exitcode; if this value isn't zero after joining, it indicates that the subprocess failed."
284,25,type_answer,exercise,280,Which tool passes errors to the parent? (multiprocessing.___),Queue,,,,You should use a multiprocessing Queue because it provides a safe mechanism for passing results and error signals between parent and child processes.
285,25,multi_select,exercise,280,Which of these are true about process error handling?,No auto-reach|exitcode check|Via Queue|Kills parent,0|1|2,,,Full options: A child process's uncaught exception doesn't automatically reach the parent; Checking exitcode after join() is a simple way to detect failure; multiprocessing.Queue can carry an exception object back to the parent for inspection; Child process exceptions always terminate the entire parent program too.
286,26,media_card,main,,What is multiprocessing.Queue for?,"Safely passing data between processes, first-in-first-out, even though they don't share memory|Storing data permanently on disk|Running code faster|Naming a process",0,,mpqueue.wav,"It functions as a safe buffer for inter-process communication (IPC), allowing separate programs to pass data reliably without needing complex shared memory management."
287,26,true_false,exercise,286,multiprocessing.Queue resembles queue.Queue but works across processes.,true,true,cards/card_287.png,,This is accurate; it maintains the familiar FIFO structure of `queue.Queue` but adds the necessary synchronization mechanisms to work across process boundaries.
288,26,multiple_choice,exercise,286,Which methods add and remove Queue items?,.put()/.get()|.push()/.pop()|.send()/.receive()|.write()/.read(),0,,,"The standard Python queue API uses `.put()` for adding items and `.get()` for retrieving them, maintaining consistency with how queues operate."
289,26,select_blank,exercise,286,q=multiprocessing.___() creates a process-safe queue.,Queue|Pipe|Value|Manager,0,,,You must use `Queue()` because it is the specific class provided by the multiprocessing module that handles all the necessary locking to ensure process safety.
290,26,multiple_choice,exercise,286,What does FIFO stand for? (First-___-First-Out),In|Item|Index|Insert,0,,,FIFO stands for First-In-First-Out — the first item put into the queue is the first one to come out.
291,26,multi_select,exercise,286,Which of these are true about multiprocessing.Queue?,Handles pickling|FIFO order|Multi-process safe|Shares memory,0|1|2,,,"Data put on the queue is pickled, sent, and unpickled — it's copied, not shared by reference, since the processes have separate memory. Full options: It handles the pickling/unpickling needed to move data between separate process memories; Items come out in the same order they went in (FIFO); It's safe to use from multiple processes and threads at once; It shares the exact same memory address across processes, no copying at all."
292,26,media_card,main,,What happens calling .get() on an empty Queue?,"It blocks, waiting until an item becomes available|It raises an exception immediately|It returns None immediately|It crashes the process",0,,queueblocking.wav,"By default, calling get() will block indefinitely, meaning it waits forever until an item is available. This contrasts with methods like get_nowait(), which fail immediately."
293,26,true_false,exercise,292,"q.get(timeout=5) raises queue.Empty after 5s, not forever.",true,true,cards/card_293.png,,"That's correct; setting a timeout limits how long the call will wait and ensures that it raises queue.Empty after the specified time, preventing indefinite blocking."
294,26,multiple_choice,exercise,292,Which call raises immediately on an empty queue?,q.get_nowait()|q.get()|q.wait()|q.peek(),0,,,"get_nowait() is specifically designed to check for an item instantly; if the queue is empty, it immediately fails and raises an exception rather than waiting."
295,26,select_blank,exercise,292,"q.put(item,___=False) raises queue.Full instead of blocking.",block|wait|timeout|delay,0,,,"Setting block=False tells put() not to wait at all. If there isn't space right now, it will raise a queue.Full exception instead of blocking the thread."
296,26,type_answer,exercise,292,Which exception fires on an empty get_nowait()? (queue.___),Empty,,,,The specific exception that get_nowait() raises when it fails because the queue is empty is queue.Empty. This signals an immediate failure rather than a wait.
297,26,order,exercise,292,Order producer/consumer steps sharing a Queue.,Create the Queue before starting either process|Producer process calls q.put(item) repeatedly|Consumer process calls q.get() in a loop|Both processes eventually finish or are signaled to stop,,cards/card_297.png,,
298,27,media_card,main,,What does multiprocessing.Pipe() give you?,A pair of connected endpoints for direct communication between exactly two processes|A way to connect any number of processes at once|A file on disk|A way to run shell pipe commands,0,,pipe.wav,
299,27,true_false,exercise,298,"multiprocessing.Pipe() gives two connection objects, one per end.",true,true,cards/card_299.png,,
300,27,multiple_choice,exercise,298,Which methods send/receive Pipe data?,.send()/.recv()|.put()/.get()|.write()/.read_all()|.push()/.pop(),0,,,
301,27,select_blank,exercise,298,Pipe is generally ___ than Queue.,faster/lower-latency|slower|identical|less reliable,0,,,
302,27,multiple_choice,exercise,298,How many processes can one Pipe use? (one digit),2|3|4|Unlimited,0,,,A Pipe is a two-endpoint connection meant for exactly two processes; a Queue supports many producers and consumers.
303,27,multi_select,exercise,298,Which of these are true about Pipe vs Queue?,Two endpoints|Pipe faster|Many producers|No tradeoffs,0|1|2,,,Full options: Pipe is designed for exactly two endpoints; Queue supports many producers/consumers; Pipe is generally faster for simple two-way communication; Queue is generally the better choice for a many-producer/many-consumer setup; Pipe and Queue are functionally identical with no tradeoffs.
304,27,media_card,main,,Duplex vs simplex mode for a Pipe?,"Duplex (the default) allows both ends to send AND receive; simplex restricts one end to send-only and the other to receive-only|Duplex is slower than simplex, nothing else differs|Simplex allows more than 2 processes|They are the same thing with different names",0,,duplexsimplex.wav,"Duplex mode allows data flow in both directions simultaneously, which is why it's the default. Simplex only permits communication in a single, one-way direction."
305,27,true_false,exercise,304,Pipe(duplex=False) creates a one-directional channel.,true,true,cards/card_305.png,,"Setting duplex to False explicitly forces the pipe into simplex mode, meaning data can only travel in one specific direction from start to finish."
306,27,multiple_choice,exercise,304,What's the default duplex setting for Pipe()?,duplex=True|duplex=False|No default|OS-dependent,0,,,"Full options: duplex=True — both ends can send and receive; duplex=False — one-directional only; There is no default, it's required; It depends on the operating system."
307,27,select_blank,exercise,304,Pipe(___=False) restricts to simplex communication.,duplex|simplex|direction|mode,0,,,You must set the `duplex` parameter to False when initializing the pipe object to restrict communication to a single direction.
308,27,multiple_choice,exercise,304,Term for a one-way communication channel? (one word),simplex|duplex|multiplex|full-duplex,0,,,A simplex channel only flows in one direction; Pipe defaults to duplex (both directions) unless you pass duplex=False.
309,27,multi_select,exercise,304,Which of these are true about Pipe's duplex/simplex modes?,Both ways|Enforces one-way|Unpicklable fails|Simplex default,0|1|2,,,"Duplex is the default — you have to opt INTO simplex with duplex=False, not the other way around. Full options: Duplex (default) lets either end both send and receive; Simplex mode is useful when you want to strictly enforce a one-way data flow; Sending unpicklable objects over a Pipe will fail, just like with Queue; Simplex mode is the default unless you request duplex=True."
310,28,media_card,main,,What does multiprocessing.Value let you share between processes?,"A single primitive value (like an int or float) backed by real shared memory, optionally with a built-in lock|A whole Python object of any type|A file on disk|A list of unlimited size",0,,mpvalue.wav,
311,28,true_false,exercise,310,"Value('i',0) creates a shared integer at 0.",true,true,,,
312,28,multiple_choice,exercise,310,How do you read or write a Value's contents?,.value attribute|Direct access|.get()/.set()|.read()/.write(),0,,,"Full options: Through its .value attribute; Directly, like a normal variable; By calling .get() and .set(); Through .read() and .write()."
313,28,select_blank,exercise,310,with counter.get_lock():counter.___+=1 safely increments.,value|data|contents|num,0,,,
314,28,multiple_choice,exercise,310,Which attribute accesses a Value's data? (one word),value|data|contents|payload,0,,,You read or write a multiprocessing.Value's underlying data through its .value attribute.
315,28,multi_select,exercise,310,Which of these are true about multiprocessing.Value?,Requires typecode|Built-in lock|Race unlocked|Any object,0|1|2,,,"Value only stores C-style primitives (matching its type code) — for arbitrary Python objects, you need a Manager (deck 30). Full options: It requires a type code (like 'i' for int, 'd' for double) telling it what kind of primitive to store; By default it comes with its own internal Lock for safe access; counter.value += 1 without locking is still a race condition, just like a shared int between threads; It can store any arbitrary Python object, including lists."
316,28,media_card,main,,What does multiprocessing.Array give you that Value doesn't?,"A shared, fixed-size array of primitive values, indexable like a list|An array that can grow to any size|A dictionary shared across processes|A way to store text files",0,,mparray.wav,
317,28,true_false,exercise,316,"Array('i',[1,2,3]) creates a shared 3-int array.",true,true,,,
318,28,multiple_choice,exercise,316,Key limitation of Array vs a Python list?,Fixed size|1-item only|Not indexable|Strings only,0,,,Full options: Its size is fixed at creation — you can't append or resize it; It can only ever hold exactly 1 item; It can't be indexed; It only works with strings.
319,28,select_blank,exercise,316,"multiprocessing.Array(___,size) needs a type code.",typecode|dtype|kind|format,0,,,
320,28,multiple_choice,exercise,316,Array uses a single-character ___ code for elements.,type|format|dtype|kind,0,,,"Like Value, Array takes a single-character type code (e.g. 'i' for int, 'd' for double) to define what kind of data it stores."
321,28,multi_select,exercise,316,Which of these are true about multiprocessing.Array?,"Fixed length|Real memory|Any objects|Indexable, assignable",0|1|3,,,"Full options: Its length is fixed once created; It's backed by real shared memory, not copied per-process; It can hold arbitrary Python objects like dicts or nested lists; Individual elements can be indexed and assigned like a normal list."
322,29,media_card,main,,What does shared_memory offer over Value/Array?,"A raw, zero-copy shared memory block that any process can attach to by name — great for large data like NumPy arrays|Nothing new, it's identical to Array|Only works with strings|Automatic pickling of any object",0,,sharedmemory.wav,
323,29,true_false,exercise,322,"shared_memory avoids pickling, so it's efficient for big data.",true,true,,,
324,29,multiple_choice,exercise,322,How does a process attach to a SharedMemory block?,Via .name|Automatically|Creator only|Via Queue,0,,,"Full options: By its unique .name, passed to SharedMemory(name=...); Automatically, with no name needed; Only the process that created it can ever access it; Through a Queue."
325,29,select_blank,exercise,322,"SharedMemory(___=True,size=1024) creates a new block.",create|new|make|start,0,,,
326,29,multiple_choice,exercise,322,Which call releases the local mapping? (one word),close|release|unmap|detach,0,,,close() releases this process's local mapping to the shared memory block; unlink() is the separate call that destroys the block itself.
327,29,multi_select,exercise,322,Which of these are true about multiprocessing.shared_memory?,Avoids pickling|Name-based attach|Auto-detects type|Since 3.8,0|1|3,,,"shared_memory is just raw bytes — it has no idea what type of data you're storing; you interpret the bytes yourself (e.g. via a NumPy array view). Full options: It's especially good for large datasets like NumPy arrays, since it avoids pickling overhead; Another process attaches to it using the block's name; It automatically knows the Python type of the data stored, no type code needed; Available since Python 3.8."
328,29,media_card,main,,What's the well-known 'resource tracker' gotcha with shared_memory?,"A background resource_tracker process can prematurely delete a shared memory block if it thinks no process still needs it, especially outside plain multiprocessing-created processes|Shared memory is deleted the instant it's created|There is no cleanup needed ever|It only affects Windows",0,,resourcetracker.wav,
329,29,true_false,exercise,328,shm.unlink() once is the correct way to free it.,true,true,,,
330,29,multiple_choice,exercise,328,Why can the resource tracker cause bugs?,Deletes early|Corrupts data|Blocks creation|Array only,0,,,"Full options: It may get its own separate resource tracker that deletes the block the moment IT exits, even if other processes still need it; It always corrupts the data instantly; It prevents the shared memory from ever being created; It only happens with Array, never shared_memory."
331,29,select_blank,exercise,328,"SharedMemory(name=name,___=False) skips the tracker.",track|create|manage|own,0,,,"Used when another process already manages this shared memory block's lifecycle, so this one shouldn't track/clean it up."
332,29,multiple_choice,exercise,328,Which method destroys the underlying OS block? (one word),unlink|close|delete|free,0,,,"unlink() permanently destroys the shared memory block's underlying OS resource — only one process should call it, typically after all others have closed."
333,29,multi_select,exercise,328,Which are true about avoiding the tracker gotcha?,Single unlink|track=False|Everyone unlinks|.close() local,0|1|3,,,"Calling .unlink() from more than one place is itself a bug — it should be released exactly once. Full options: Only call .unlink() once, from whichever process is meant to own the block's lifecycle; track=False (a newer option) tells SharedMemory not to register with the tracker, useful when another process already handles cleanup; Every process that ever attaches should call .unlink(); Calling .close() (without .unlink()) just releases that process's local mapping, not the underlying shared block."
334,30,media_card,main,,How does Manager share a dict or list?,"It runs a separate 'manager' server process holding the real object; other processes get a proxy that forwards operations to it over IPC|It copies the dict into every process's memory simultaneously|It only works with strings, not real data structures|It doesn't actually work with dicts or lists",0,,manager.wav,
335,30,true_false,exercise,334,manager.dict() creates a proxy safe to share across processes.,true,true,,,"That's right; `manager.dict()` creates a proxy wrapper around the dictionary that handles all the necessary inter-process communication, making it safe to share state across multiple processes."
336,30,multiple_choice,exercise,334,What kinds of objects can a Manager share?,Rich objects|Integers only|Files only|Nothing new,0,,,"Full options: Much richer Python objects — dicts, lists, and more, not just fixed-type primitives; Only single integers; Only files; Nothing a Manager can't already do with Queue."
337,30,select_blank,exercise,334,manager.___() creates a safe shared list.,list|Array|Value|Queue,0,,,"You must use `manager.list()` because it wraps the underlying Python list in a proxy object, which ensures that any modifications made by one process are correctly synchronized and visible to all others."
338,30,multiple_choice,exercise,334,Tradeoff of Manager proxies vs shared memory? (one word),Speed|Memory usage|Portability|Type safety,0,,,"Manager proxies go through an extra process and IPC round-trip for every access, making them noticeably slower than raw shared memory."
339,30,multi_select,exercise,334,Which of these are true about multiprocessing.Manager?,Server process|IPC overhead|Rich structures|Fastest numeric,0|1|2,,,"Manager is the most flexible option, not the fastest — shared_memory/Value/Array avoid the IPC round-trip overhead a Manager proxy incurs. Full options: It runs a separate server process that actually holds the real data; Operations on a manager.dict() go through IPC to that server process, so they're slower than local operations; It can share dicts, lists, and other rich Python structures across processes; It's the fastest way to share large numeric data — faster than shared_memory."
340,30,media_card,main,,What's the nested-mutation gotcha in manager.dict()?,"Mutating a nested list/dict IN PLACE (e.g. shared_dict['key'].append(x)) often doesn't propagate — you need to reassign the whole value back|There are no gotchas, everything works exactly like a normal dict|manager.dict() can't hold nested structures at all|It always crashes the program",0,,managergotcha.wav,"The key gotcha is that proxies don't automatically track internal changes; if you modify a nested structure in place, you must read the whole object, make your change, and then reassign it back to propagate the update."
341,30,true_false,exercise,340,"Fetch, modify, then reassign back through the proxy.",true,true,,,"Because proxies manage shared state across processes, simply modifying an attribute isn't enough; you must explicitly fetch the current value, modify it locally, and write the entire object back to commit the change."
342,30,multiple_choice,exercise,340,Why does shared_dict['key'].append(x) silently fail?,Local copy|No brackets|Always raises|Read-only,0,,,Full options: Reading shared_dict['key'] can return a local copy over the proxy connection — mutating that copy doesn't write back automatically; Manager dicts don't support the [] operator at all; append() always raises an exception on a Manager dict; Manager dicts are read-only.
343,30,select_blank,exercise,340,Prefer manager.___() for nested shared structures.,list|append|extend|copy,0,,,"If your nested structure is fundamentally a sequence of items that needs safe sharing, `manager.list()` is the dedicated tool for the job, providing better synchronization guarantees than trying to manage it through dictionary keys."
344,30,multiple_choice,exercise,340,What fixes a modified local copy? (one word),"Reassign it|Delete, recreate|.flush()|.commit()",0,,,"A Manager proxy only detects changes to its top-level value — mutating a nested object locally doesn't propagate, so you must reassign it back through the proxy to sync the change."
345,30,multi_select,exercise,340,Which are safe ways to use manager.dict()?,Direct reassignment|Fetch-modify-reassign|Use manager.list()|Assume auto-propagation,0|1|2,,,"Full options: shared_dict['key'] = new_value (direct reassignment); Fetching a nested list, modifying it locally, then reassigning it back to the shared dict; Using manager.list() for a nested list, so mutations go through the proxy properly; Assuming in-place mutation of nested plain lists/dicts always propagates automatically."
346,31,media_card,main,,What does multiprocessing.Lock actually protect?,"Access to an external shared resource (like a file, printer, or hardware device) that multiple processes might touch at once|Nothing — locks are pointless across processes|Only Python variables, exactly like threading.Lock|Network bandwidth specifically",0,,mplock.wav,
347,31,true_false,exercise,346,multiprocessing.Lock coordinates writes to a shared external file.,true,true,,,
348,31,multiple_choice,exercise,346,What's the API similarity between multiprocessing.Lock and threading.Lock?,Same API|No overlap|No acquire/release|Redundant claim,0,,,"Full options: Nearly identical: both support acquire(), release(), and use as a context manager with 'with'; They share no common methods; multiprocessing.Lock has no acquire()/release(); threading.Lock works across processes too, making Lock redundant."
349,31,select_blank,exercise,346,multiprocessing.___() creates a cross-process lock.,Lock|Value|Queue|Pipe,0,,,
350,31,multiple_choice,exercise,346,Example of a resource needing coordinated writes? (log ___),Log file|Private variable|Local list|Function argument,0,,,"A shared log file is a classic external resource multiple processes need to coordinate writes to, so they don't interleave and corrupt each other's output."
351,31,multi_select,exercise,346,Which of these are good uses for multiprocessing.Lock?,Log writes|Shared printer|In-process variable|Shared hardware,0|1|3,,,"Protecting a purely in-memory Python variable inside ONE process is actually a job for threading.Lock, not multiprocessing.Lock — included as a check on telling the two apart."
352,31,media_card,main,,What happens passing a Lock to a child?,"It's specially handled so both parent and child refer to the SAME underlying OS-level lock, not separate copies|It becomes a completely separate, unrelated lock in the child|It raises an error immediately|It silently does nothing",0,,lockinheritance.wav,"When you pass a multiprocessing Lock, it doesn't create copies; instead, the operating system ensures that both processes point to and manipulate the exact same underlying synchronization primitive. This shared reference is critical for proper coordination."
353,31,true_false,exercise,352,A passed multiprocessing.Lock correctly synchronizes parent and child.,true,true,,,"Yes, this is exactly why we use process-safe locks; they are designed specifically to manage access to shared resources reliably between independent child processes."
354,31,multiple_choice,exercise,352,Safest way to share one Lock across workers?,"Shared, passed|Separate locks|Plain variable|Can't share",0,,,"Creating a NEW Lock inside each process gives every process its own separate lock — they wouldn't actually coordinate with each other. Full options: Create the Lock once, then pass it as an argument when creating each Process; Create a separate new Lock inside each worker process; Use a regular Python variable as a lock; Locks can't be shared with worker processes at all."
355,31,select_blank,exercise,352,"Process(target=worker,args=(shared_lock,___)) passes the Lock in.",other_args|new Lock()|None|0,0,,,"To pass the lock into a new process, you must explicitly include it within the tuple of arguments (`args`) when initializing the Process object. The child worker then receives this reference as an argument."
356,31,true_false,exercise,352,"Under 'spawn', a Lock must be picklable to pass.",true,true,cards/card_356.png,,"spawn starts a fresh interpreter and pickles arguments to send them over, so anything passed to a child process — including a Lock — must be picklable."
357,31,multi_select,exercise,352,Which are true about sharing a Lock?,Created once|Specially picklable|Defeats sync|Auto-shared,0|1|2,,,"Full options: The Lock must be created once and shared (passed as an argument, or inherited via fork), not recreated per process; multiprocessing.Lock objects are specially picklable so they can cross process boundaries and still refer to the same lock; Creating a fresh Lock() inside each worker function defeats the purpose of synchronization; Locks are automatically shared globally with no setup required."
358,32,media_card,main,,What problem does multiprocessing.RLock solve?,It lets the SAME process acquire the same lock multiple times (e.g. in recursive or nested calls) without self-deadlocking|It lets multiple different processes hold it simultaneously|It removes the need to ever release it|It only works with exactly 2 processes,0,,mprlock.wav,"An RLock is designed specifically for recursion, allowing the same thread or process to acquire it multiple times without causing a deadlock. A standard Lock would fail if you tried to re-acquire it before releasing it."
359,32,true_false,exercise,358,multiprocessing.RLock requires releases matching its acquire count.,true,true,,,"True. Unlike simple locks, an RLock tracks how many times it has been acquired and requires the count of releases to match the acquisition count to ensure proper state management."
360,32,multiple_choice,exercise,358,Two acquire() calls on a plain Lock: what happens?,Self-deadlocks|Works fine|Silently ignored|Clear error,0,,,"Full options: It deadlocks — even the same process blocks waiting for itself; Nothing, it works fine; The second acquire() is silently ignored; It raises a clear, immediate error."
361,32,select_blank,exercise,358,multiprocessing.___() creates a reentrant lock.,RLock|Lock|Event|Barrier,0,,,The correct class is RLock because 'reentrant' means it can be entered multiple times by the same thread. A standard Lock cannot handle this recursive entry pattern.
362,32,multiple_choice,exercise,358,What does 'R' in RLock stand for? (one word),Reentrant|Recursive|Repeatable|Restricted,0,,,RLock stands for Reentrant Lock at both the threading and multiprocessing level — the owning thread/process can re-acquire it without deadlocking.
363,32,multi_select,exercise,358,Which of these are true about multiprocessing.RLock?,Mirrors threading.RLock|Blocks normally|Matched releases|Identical always,0|1|2,,,"Full options: It mirrors threading.RLock's reentrant behavior, but at the process level; A different process trying to acquire it while another process holds it still blocks normally; It must be released the same number of times it was acquired by the same process; It behaves identically to a plain multiprocessing.Lock in every situation."
364,33,media_card,main,,What is multiprocessing.Event used for?,"The same flag-based signaling as threading.Event, but usable across separate processes — set(), clear(), wait()|Scheduling delayed function calls across processes|Sharing a dictionary across processes|Limiting how many processes can run at once",0,,mpevent.wav,"This is the primary use: Event objects provide a simple, cross-process signaling mechanism that lets one process signal an action to others waiting on it. This is analogous to using a flag across processes."
365,33,true_false,exercise,364,A worker process can block on event.wait() until event.set().,true,true,,,"True. The `Event` object acts as a synchronization primitive; when the event is set by one process, any other process blocked on `wait()` will immediately wake up."
366,33,multiple_choice,exercise,364,Which methods does multiprocessing.Event share with threading.Event?,Same API|None|wait() only|set() only,0,,,"Full options: set(), clear(), wait(), and is_set() — same API, cross-process instead of cross-thread; None, the APIs are completely different; Only wait(); Only set()."
367,33,select_blank,exercise,364,ready_event.wait(___=10) waits at most 10s.,timeout|delay|limit|wait,0,,,The argument that specifies a maximum waiting period is called `timeout`. This ensures the function will raise an exception after the specified time rather than blocking indefinitely.
368,33,multiple_choice,exercise,364,Which method sets an Event across processes? (one word),set|notify|signal|trigger,0,,,"Calling set() on a multiprocessing Event flips its flag to True and wakes every process waiting on it, mirroring threading.Event."
369,33,multi_select,exercise,364,Which of these are true about multiprocessing.Event?,Process-level equivalent|Signals many|Created early|2-process cap,0|1|2,,,"Full options: It's the process-level equivalent of threading.Event, with the same method names; One process can signal 'ready' to several other waiting processes at once; It must be created before the processes that will use it start (or passed to them); It can only ever be used by exactly 2 processes."
370,33,media_card,main,,What does multiprocessing.Semaphore let you throttle across processes?,"How many processes can concurrently access a limited resource, via a shared counter|How fast a process runs|The name of a process|Whether a process is a daemon",0,,mpsemaphore.wav,"A Semaphore acts like a gatekeeper, limiting how many threads or processes can use a specific resource at the same time by maintaining an internal count. It controls concurrency access rather than process speed or identity."
371,33,true_false,exercise,370,multiprocessing.Semaphore(3) allows 3 processes to hold it concurrently.,true,true,,,"That's correct; initializing a Semaphore with `N` sets its internal counter to N, meaning up to N processes can acquire it simultaneously."
372,33,multiple_choice,exercise,370,What's a realistic use for a process Semaphore?,API/DB throttling|Naming processes|Shared dict|Delayed call,0,,,Full options: Limiting how many worker processes can hit an external API or database at once; Naming worker processes; Storing a shared dictionary; Scheduling a delayed call.
373,33,select_blank,exercise,370,pool_limit=multiprocessing.Semaphore(___) allows 4 through.,4|1|0|True,0,,,"To allow exactly four processes access, you must initialize the Semaphore with the integer value of 4. This number defines the maximum concurrency level for that resource."
374,33,type_answer,exercise,370,Which Semaphore variant errors on extra release()? (Bounded___),Semaphore,,,,"A BoundedSemaphore is designed with safety in mind; if you try to release it when its count is already at maximum capacity, it will raise an error to prevent incorrect state management."
375,33,multi_select,exercise,370,Which of these are true about multiprocessing.Semaphore?,Process-level version|Resource capping|BoundedSemaphore exists|Always Lock-like,0|1|2,,,"Full options: It works the same conceptually as threading.Semaphore, just across process boundaries; It's commonly used to cap concurrent access to a limited external resource (API, DB connections); BoundedSemaphore is also available at the multiprocessing level; It can only ever allow exactly 1 process through, like a Lock."
376,34,media_card,main,,What does multiprocessing.Barrier do?,"Blocks each process that calls .wait() until a specific number of processes have all reached that same point|Permanently blocks all processes forever|Kills all processes that reach it|Only allows one process through, like a Lock",0,,barrier.wav,
377,34,true_false,exercise,376,Barrier(4) releases everyone once 4 processes call .wait().,true,true,,,
378,34,multiple_choice,exercise,376,What's a realistic use case for a Barrier?,Phase sync|Shared data|API limiting|Naming processes,0,,,Full options: Making sure all worker processes finish their 'setup' phase before any of them starts the next phase together; Storing shared data; Limiting concurrent API calls; Naming worker processes.
379,34,select_blank,exercise,376,multiprocessing.Barrier(___) requires 3 processes to wait.,3|1|0|None,0,,,
380,34,multiple_choice,exercise,376,Which method blocks at a Barrier? (one word),wait|join|block|arrive,0,,,Processes call Barrier.wait() to block until the required number of parties have all reached the barrier.
381,34,multi_select,exercise,376,Which of these are true about multiprocessing.Barrier?,Fixed count|Released together|Reusable|One-time use,0|1|2,,,"Full options: It requires an exact party count set when created; Every waiting process is released together, at the same time, once the count is reached; It can be reused for multiple synchronization points in a loop; A Barrier only ever works once, then must be discarded."
382,35,media_card,main,,What is a 'poison pill' for workers?,"A special sentinel value put on a shared Queue that tells a worker 'stop looping, there's no more real work'|A literal error that crashes the worker|A type of lock|A way to kill a process forcefully from outside",0,,poisonpill.wav,"The poison pill is a special sentinel value placed on the queue that signals to workers that no more real tasks are coming, allowing them to exit their processing loop cleanly. It's not an error or a lock; it's just a signal."
383,35,true_false,exercise,382,A poison pill sentinel is checked after each get().,true,true,,,"Yes, you must check for the poison pill after every single time you retrieve an item from the queue to ensure that when the sentinel arrives, your worker processes it and stops correctly."
384,35,multiple_choice,exercise,382,Why use a poison pill instead of killing directly?,Clean exit|Only way|Faster|Prevents starting,0,,,"Full options: It lets each worker finish its current item and exit its loop cleanly, rather than being abruptly terminated mid-task; It's the only way to ever stop a process; It's faster than terminate(); It prevents the worker from starting at all."
385,35,select_blank,exercise,382,if item is ___:break checks the sentinel.,STOP_SENTINEL|None only|True|0,0,,,"The code checks specifically against the defined STOP_SENTINEL value. If you checked for None or True, the loop would continue running even after receiving the signal to stop."
386,35,multiple_choice,exercise,382,How many poison pills stop N workers?,Per worker|Just one|Per queue|Double count,0,,,"Each worker only ever consumes one poison pill, so you need one pill per worker to make sure every one of them sees a stop signal."
387,35,order,exercise,382,Order this poison-pill worker-pool shutdown.,"Producer finishes putting all real work items on the queue|Producer puts one poison pill per worker onto the queue|Each worker eventually gets a poison pill and exits its loop|Main process joins all worker processes, confirming clean shutdown",,cards/card_387.png,,"The correct order is: Producer finishes putting all real work items on the queue -> Producer puts one poison pill per worker onto the queue -> Each worker eventually gets a poison pill and exits its loop -> Main process joins all worker processes, confirming clean shutdown."
388,35,media_card,main,,Graceful shutdown vs process.terminate()?,"A graceful shutdown lets a process finish its current work and clean up (close files, etc.); terminate() kills it abruptly, mid-task|They are exactly the same|terminate() is always safer|Graceful shutdown is only possible with threads, never processes",0,,gracefulshutdown.wav,"A graceful shutdown allows the process to finish its current job and perform necessary cleanup (like closing files), while terminate() immediately kills it without giving it a chance to clean up."
389,35,true_false,exercise,388,terminate() can leave shared resources in a bad state.,true,true,cards/card_389.png,,
390,35,multiple_choice,exercise,388,Preferred shutdown approach for a worker pool?,Graceful signal|Always kill()|Never stopping|Full restart,0,,,Full options: A graceful signal (like a poison pill) that lets workers exit their own loop cleanly; Always process.kill() immediately; Never shutting down worker processes at all; Restarting the whole program.
391,35,select_blank,exercise,388,Reserve process.___() for stuck workers.,terminate|start|join|run,0,,,
392,35,multiple_choice,exercise,388,Which method forcibly kills without cleanup? (one word),terminate|kill|close|shutdown,0,,,"terminate() forcibly kills a process immediately, without letting it run cleanup code — join() or a poison pill is the graceful alternative."
393,35,multi_select,exercise,388,Good practice for worker pool shutdown?,Prefer graceful|Stuck only|Then join()|Never worry,0|1|2,,,"Full options: Prefer a graceful signal (poison pill/Event) so workers can finish and clean up; Reserve terminate()/kill() for workers that are truly stuck or unresponsive; Always join() worker processes after signaling shutdown, to confirm they actually exited; Never worry about shutdown at all — just let the main process exit."
394,36,media_card,main,,What does ThreadPoolExecutor add over raw threads?,"A managed pool of reusable worker threads, with a simple submit()/map() API and automatic Future objects for results|Real CPU parallelism, which threading.Thread can't do|A completely different way to write Python|Nothing new at all",0,,threadpoolexecutor.wav,
395,36,true_false,exercise,394,ThreadPoolExecutor is still GIL-limited for CPU-bound work.,true,true,cards/card_395.png,,"True. Because Python's Global Interpreter Lock (GIL) prevents multiple threads from executing Python bytecode simultaneously, CPU-bound tasks will still be limited by a single core even when using ThreadPoolExecutor."
396,36,multiple_choice,exercise,394,ThreadPoolExecutor fits which kind of workload?,I/O-bound work|CPU-bound crunching|Neither|Single-task only,0,,,Full options: I/O-bound work — many waiting network/disk calls; Heavy CPU-bound number crunching; Neither — it should never be used; Only single-task programs.
397,36,select_blank,exercise,394,from concurrent.futures import ___ (both executor types).,ThreadPoolExecutor|Thread|Process|Pool,0,,,The `concurrent.futures` module is the high-level interface that provides both of these executor types (ThreadPoolExecutor and ProcessPoolExecutor) for easy use.
398,36,type_answer,exercise,394,Which class manages worker THREADS? (ThreadPool___),Executor,,,,"It's called ThreadPoolExecutor, which is the specific class designed to manage and execute tasks using a pool of operating system threads."
399,36,multi_select,exercise,394,Which of these are true about ThreadPoolExecutor?,Higher-level API|I/O-bound fit|CPU parallelism|Returns Futures,0|1|3,,,"Full options: It's a higher-level, easier-to-use API than manually managing threading.Thread objects; It's a good fit for I/O-bound workloads like many concurrent web requests; It gives real multi-core CPU parallelism for pure-Python work; Submitted work returns a Future object you can check/wait on."
400,36,media_card,main,,What can ProcessPoolExecutor do that ThreadPoolExecutor can't?,"Real, GIL-free CPU parallelism across multiple processes, with the same easy submit()/map() API|Faster I/O performance specifically|Lower memory usage than threads|Nothing different, they're interchangeable",0,,processpoolexecutor.wav,"ProcessPoolExecutor achieves true parallel execution for CPU-intensive tasks by running them in separate OS processes, thereby bypassing Python's Global Interpreter Lock (GIL)."
401,36,true_false,exercise,400,ProcessPoolExecutor's Linux default is now 'forkserver' too.,true,true,,,This is correct because modern versions of Python are moving away from relying solely on the `fork` mechanism for process creation to ensure better compatibility across various operating systems.
402,36,multiple_choice,exercise,400,ProcessPoolExecutor fits which kind of workload?,CPU-bound work|I/O-bound work|Neither|Single-core only,0,,,"Full options: CPU-bound work — heavy computation that benefits from real parallel cores; I/O-bound work waiting on a slow API; Neither, it should be avoided; Only when there's exactly 1 CPU core available."
403,36,select_blank,exercise,400,Work sent to ProcessPoolExecutor must be ___.,picklable|synchronous|a lambda|global,0,,,
404,36,type_answer,exercise,400,Which class manages worker PROCESSES? (ProcessPool___),Executor,,,,
405,36,multi_select,exercise,400,True when choosing between the two executors?,General rule|More overhead|No lambdas|Same performance,0|1|2,,,"Full options: ThreadPoolExecutor for I/O-bound, ProcessPoolExecutor for CPU-bound is the general rule of thumb; ProcessPoolExecutor has higher per-task overhead (pickling, process startup) than ThreadPoolExecutor; Lambda functions generally can't be submitted to ProcessPoolExecutor, since they're not picklable; Both executors give the exact same performance for every workload."
406,37,media_card,main,,What does executor.submit() do?,"Schedules ONE function call to run in the pool, immediately returning a Future you can check later|Blocks until the function finishes before returning|Submits code to be reviewed|Runs the function on the main thread",0,,submit.wav,
407,37,true_false,exercise,406,executor.submit() returns immediately with a Future.,true,true,,,"Yes, `submit()` doesn't wait for the task to finish; it just hands off the job and gives you a Future object that you can use later to check on its status or retrieve the result when it's done."
408,37,multiple_choice,exercise,406,How do you get a Future's actual result?,.result()|Already result|.get()|.value,0,,,Full options: Call .result() on it (this blocks until the task is done); It's already the result; Call .get() on it; Access .value.
409,37,select_blank,exercise,406,"executor.___(my_func,arg) schedules one call.",submit|map|run|call,0,,,You use `submit()` when you want to schedule just one specific function call and get back a Future object representing that single job.
410,37,multiple_choice,exercise,406,Which Future method blocks until ready? (one word),result|value|get|fetch,0,,,Future.result() blocks until the task is done and then returns its return value (or re-raises its exception).
411,37,multi_select,exercise,406,Which of these are true about executor.submit()?,One call|Returns Future|result() blocks|Once ever,0|1|2,,,"Full options: It's for scheduling one function call at a time, with distinct arguments each time; It returns a Future object right away, not the actual result; future.result() blocks until that specific task completes; It can only be called once per executor, ever."
412,37,media_card,main,,How does map() differ from a submit() loop?,"It applies one function across a whole iterable of inputs and returns results in the SAME order they were submitted, as they complete|It works identically to submit() in every way|It only works with exactly one input|It doesn't run anything in the pool at all",0,,executormap.wav,"While both run tasks concurrently, map() is designed to take an entire collection of inputs and guarantee that the results are returned in the exact order of those original inputs."
413,37,true_false,exercise,412,executor.map() returns results in original input order.,true,true,,,"That's correct; even if some tasks finish much faster than others, the `map()` function ensures that the returned list of results is perfectly ordered according to the input sequence you provided."
414,37,multiple_choice,exercise,412,When is map() more convenient than looped submit()?,Batch work|Different functions|Fine-grained control|Never,0,,,"Full options: When you're applying the exact same function across a whole list of inputs and want results back in matching order; When each task needs a completely different function; When you need fine-grained control per-task, like individual cancellation; Never — submit() is always better."
415,37,select_blank,exercise,412,"executor.___(square,numbers) applies concurrently.",map|submit|apply|run,0,,,"When you want to apply the same function to every item in a list or iterable, `map()` is the dedicated method for scheduling those tasks concurrently and handling the resulting collection."
416,37,multiple_choice,exercise,412,Does map() schedule work up front or lazily? (up____),Up front|Lazily evaluated|First only|Re-submits tasks,0,,,"executor.map() submits all the work to the pool immediately; iterating the result just waits for each one in order, it doesn't trigger new work. Full options: It's scheduled up front, not lazily evaluated; It's lazily evaluated as you iterate; It runs only the first item eagerly; It re-submits tasks on each iteration."
417,37,multi_select,exercise,412,Which are true about map() vs looped submit()?,More concise|Preserves order|Individual Futures|Only way,0|1|2,,,"Full options: map() is more concise for 'same function, many inputs' cases; map() preserves the original input order in its results; submit() gives you individual Future objects you can check/cancel independently; map() is required if you want any concurrency at all."
418,38,media_card,main,,Why use 'with ThreadPoolExecutor()'?,"It automatically calls .shutdown(wait=True) when the block ends, ensuring all submitted work finishes and resources are cleaned up|It makes tasks run faster|It prevents any errors from ever happening|It's required — executors can't be created any other way",0,,executorcontext.wav,
419,38,true_false,exercise,418,Exiting 'with executor:' waits for all submitted tasks.,true,true,,,
420,38,multiple_choice,exercise,418,"What does executor.shutdown(wait=False) do, if called manually?",Returns immediately|Cancels all|Blocks forever|Restarts pool,0,,,"Full options: Signals no new tasks will be accepted, but returns immediately without waiting for already-submitted ones to finish; Cancels every task immediately; Blocks forever; Restarts the pool."
421,38,select_blank,exercise,418,with ThreadPoolExecutor() ___ executor: auto-shutdown.,as|=|:|->,0,,,
422,38,multiple_choice,exercise,418,Which method stops new tasks and waits? (one word),shutdown|close|join|stop,0,,,"The executor's context manager calls shutdown() on exit, which stops accepting new tasks and, by default, waits for the ones already submitted."
423,38,multi_select,exercise,418,Which of these are true about executor lifecycle management?,'with' recommended|wait=True default|Leaks workers|Reusable always,0|1|2,,,"Once shutdown() is called, that executor is done — you can't submit new tasks to it again. Full options: Using 'with' is the recommended, safest pattern for most cases; shutdown(wait=True) is the default behavior when a 'with' block exits; Forgetting to shut down an executor manually created outside 'with' can leak worker threads/processes; An executor can be reused indefinitely after shutdown() is called."
424,39,media_card,main,,What does the max_workers parameter control?,The maximum number of worker threads/processes the pool will use at once|How many tasks total can ever be submitted|The maximum runtime of any single task|The amount of memory available,0,,maxworkers.wav,It sets an upper limit on how many concurrent worker threads or processes the executor can run at any given moment. This is distinct from the total number of tasks you submit or the maximum runtime of a single task.
425,39,true_false,exercise,424,Unspecified max_workers defaults based on CPU cores.,true,true,,,"That's correct; by default, Python intelligently sets this limit to match the number of available CPU cores for optimal performance."
426,39,multiple_choice,exercise,424,1000 tasks with max_workers=4 means what?,4 concurrently|All simultaneous|4 total|Errors immediately,0,,,"Full options: Only 4 run at a time; the rest wait in an internal queue until a worker frees up; All 1,000 run simultaneously regardless; Only 4 tasks total will ever run; It raises an error immediately."
427,39,select_blank,exercise,424,ThreadPoolExecutor(___=8) caps at 8 threads.,max_workers|workers|pool_size|threads,0,,,The `max_workers` argument is what explicitly controls and sets this upper bound on concurrent workers for the executor.
428,39,multiple_choice,exercise,424,Which keyword sets the worker count? (two words),max_workers|worker_count|num_workers|pool_size,0,,,Both ThreadPoolExecutor and ProcessPoolExecutor accept a max_workers keyword argument to set the pool size.
429,39,multi_select,exercise,424,Which of these are true about max_workers?,Bounds usage|Queues extras|cpu_count() default|No effect,0|1|2,,,Full options: It bounds concurrent resource usage (threads or processes); Extra submitted tasks beyond max_workers queue up rather than being rejected; ProcessPoolExecutor has a sensible os.cpu_count()-based default if unspecified; Setting max_workers has no real effect on performance.
430,39,media_card,main,,Why does max_workers differ CPU vs I/O?,"CPU-bound work benefits from roughly matching the CPU core count for max_workers; I/O-bound work can often use far MORE workers than cores, since they spend most of their time waiting|max_workers should always be exactly 1 regardless of workload|More workers always means more speed, for any workload|CPU-bound work should always use more workers than I/O-bound work",0,,workerscaling.wav,Check the core count with os.cpu_count() when sizing a CPU-bound pool.
431,39,true_false,exercise,430,I/O-bound work can use far more workers than cores.,true,true,,,"This is because when a thread waits for an external resource (like network data), it releases the GIL, allowing many threads to run concurrently without needing dedicated CPU time."
432,39,multiple_choice,exercise,430,Sensible max_workers for CPU-bound work on 8 cores?,"Around 8|1000|Exactly 1|0, disabled",0,,,"Full options: Around 8, matching the core count; 1000, more is always better; Always exactly 1; 0, disable workers entirely."
433,39,select_blank,exercise,430,Going far beyond core count generally ___.,Just overhead|Doubles throughput|Removes GIL|Required,0,,,"It creates too much context switching between threads, which consumes CPU cycles and actually reduces overall efficiency rather than improving throughput."
434,39,type_answer,exercise,430,Which function returns CPU core count? (os.___()),cpu_count,,,,
435,39,multi_select,exercise,430,Which of these are sound sizing heuristics?,CPU: cpu_count()|I/O: exceed|CPU: 1000|Too conservative,0|1|3,,,"Full options: CPU-bound: max_workers around os.cpu_count(); I/O-bound: max_workers can reasonably exceed the CPU core count; CPU-bound: max_workers of 1000 on an 8-core machine helps a lot; I/O-bound: a small max_workers like 2 for 10,000 pending API calls is usually too conservative."
436,40,media_card,main,,What happens submitting 10M tasks at once?,"All 10 million Future objects and pending work get queued in memory immediately, potentially exhausting RAM before any of them even start running|Nothing bad happens, ever|Python automatically limits it to a safe number|It runs exactly as fast as submitting them gradually",0,,backpressure.wav,
437,40,true_false,exercise,436,The internal submission queue has no built-in size limit.,true,true,cards/card_437.png,,
438,40,multiple_choice,exercise,436,How do you avoid unbounded memory growth from submission?,Bounded batches|Submit all|10-task cap|max_workers=0,0,,,"Full options: Submit in bounded batches — e.g. only keep a limited number of in-flight Futures at once, submitting more as earlier ones complete; Always submit everything at once, memory isn't a real concern; Never use executor.submit() for more than 10 tasks; Reduce max_workers to 0."
439,40,select_blank,exercise,436,Backpressure slows ___ to match ___.,producer/consumer|consumer/producer|thread/process|CPU/memory,0,,,Backpressure describes a flow control mechanism where the slower consumer signals to the faster producer to slow down its rate of production so that consumption can keep up.
440,40,multiple_choice,exercise,436,Term for slowing a too-fast producer? (one word),backpressure|throttling|bottlenecking|congestion,0,,,Backpressure is the general term — borrowed from plumbing and electronics — for a system signaling a fast producer to slow down.
441,40,multi_select,exercise,436,Which of these help manage backpressure with executors?,Bounded batches|Bounded queue|Ignore it|Capped futures,0|1|3,,,"Full options: Submitting work in bounded batches instead of all at once; Using a bounded queue.Queue to feed submissions and only pulling in more once earlier futures resolve; Ignoring the issue, since Python handles unlimited memory automatically; Tracking a capped number of 'in-flight' futures at a time before submitting more."
442,41,media_card,main,,What is a Future object?,"A placeholder for a result that isn't ready yet — it represents work that will complete at some point|The actual final result of a computation, always ready immediately|A type of lock|A background process",0,,future.wav,"A Future is a placeholder or a promise that represents the eventual outcome of an asynchronous operation, allowing your code to continue running while waiting for the result later."
443,41,true_false,exercise,442,submit() returns a Future before the task even starts.,true,true,,,"True, calling submit() queues the task to be executed later and immediately returns a Future object—this means you get the promise before the work has started."
444,41,multiple_choice,exercise,442,Which method checks a Future without blocking?,.done()|.result()|.wait()|.check(),0,,,The .done() method simply checks if the task has completed without pausing your program; methods like .result() or .wait() will block execution until the result is available.
445,41,select_blank,exercise,442,A Future ends in ___ or cancelled.,finished|deleted|paused|reset,0,,,A future object reaches its terminal state when it is either marked as finished or explicitly cancelled. 'Deleted' is not one of the standard states for a completed future.
446,41,multiple_choice,exercise,442,Which method signals a Future is done? (one word),done|finished|is_ready|complete,0,,,"Future.done() returns True once the call has completed, whether it succeeded, raised, or was cancelled."
447,41,multi_select,exercise,442,Which of these are true about Future objects?,Returned immediately|Non-blocking check|Cancellable state|Result instant,0|1|2,,,"Full options: They're returned immediately by executor.submit(), before work necessarily finishes; .done() checks status without blocking the caller; A Future can end up in a 'cancelled' state, not just 'finished'; A Future's result is always available the instant it's created."
448,41,media_card,main,,What does future.result() do on exception?,"It blocks until the task finishes, then returns its return value — or RE-RAISES the task's exception if it failed|It always returns None|It never raises anything, even on error|It cancels the task",0,,futureresult.wav,"Calling result() blocks until the task finishes; if the underlying computation failed, this method will re-raise the original exception from the worker thread. This ensures that exceptions are handled in the main thread where you call result()."
449,41,true_false,exercise,448,future.result() re-raises the task's original ValueError.,true,true,,,"This is true because `future.result()` is specifically designed to propagate any exception that occurred during the task's execution, allowing you to catch and handle the error centrally."
450,41,multiple_choice,exercise,448,Why is this exception-forwarding behavior of .result() useful?,Normal try/except|Silently ignored|Prevents exceptions|ProcessPool only,0,,,"This is a real improvement over raw threading, where an exception has no automatic path back to the caller at all (see deck 10). Full options: It means you can wrap future.result() in a normal try/except, unlike a raw thread's exception which doesn't propagate at all; It means exceptions are always silently ignored; It prevents any exceptions from occurring; It only works with ProcessPoolExecutor, not ThreadPoolExecutor."
451,41,select_blank,exercise,448,"future.___() gets the value, raising its exception if any.",result|done|wait|get,0,,,The result() method is the correct choice because it retrieves the final value of the computation while also handling the critical step of re-raising any exceptions that occurred during execution.
452,41,multiple_choice,exercise,448,Which method blocks and surfaces the result/exception? (one word),result|done|wait|get,0,,,result() both blocks until completion and returns the task's value or re-raises its exception — done() only tells you whether it finished.
453,41,multi_select,exercise,448,Which of these are true about future.result()?,Blocking wait|Re-raises exceptions|Returns value|Swallows exceptions,0|1|2,,,Full options: It blocks until the task is done (unless a timeout is given); It re-raises the original exception if the task failed; It returns the task's return value on success; It silently swallows exceptions and returns None instead.
454,42,media_card,main,,What happens if result(timeout=5) expires?,"It raises concurrent.futures.TimeoutError — the task itself keeps running, only the wait gives up|The task is automatically cancelled|It returns None|It blocks forever anyway, ignoring the timeout",0,,futuretimeout.wav,
455,42,true_false,exercise,454,A TimeoutError doesn't mean the task failed or stopped.,true,true,,,
456,42,multiple_choice,exercise,454,Common non-blocking alternative to result(timeout=...)?,Loop-check .done()|Call .result()|Call .cancel()|No alternative,0,,,"Full options: Repeatedly checking future.done() in a loop, doing other work between checks; Calling future.result() with no arguments; Calling future.cancel() repeatedly; There is no non-blocking alternative."
457,42,select_blank,exercise,454,future.result(___=2) gives up and raises TimeoutError after 2 seconds.,timeout|wait|delay|limit,0,,,
458,42,multiple_choice,exercise,454,Which exception fires when result(timeout=...) expires? (one word),TimeoutError|ExpiredError|InvalidStateError|RuntimeError,0,,,result(timeout=...) raises concurrent.futures.TimeoutError if the task hasn't finished by the time the wait expires — the future itself is left running.
459,42,multi_select,exercise,454,True about non-blocking checks and timeouts?,Never blocks|No cancel|Valid polling|Permanent failure,0|1|2,,,"Full options: future.done() never blocks, no matter what; A TimeoutError on result(timeout=...) doesn't cancel or stop the task; Polling with done() in a loop is a valid non-blocking pattern; A timeout always means the task permanently failed."
460,43,media_card,main,,What does future.add_done_callback(func) do?,"Registers func to be called automatically once the Future finishes — no polling or blocking needed|Blocks until func runs|Cancels the future immediately|Runs func right away, synchronously",0,,donecallback.wav,"This method registers a function that Python will execute automatically once the future completes, allowing you to react to the result without needing to poll or block your code."
461,43,true_false,exercise,460,add_done_callback's callback receives the Future itself.,true,true,cards/card_461.png,,That is correct; the callback function receives the Future object itself as its argument when it finally executes.
462,43,multiple_choice,exercise,460,What happens if the Future is already done?,"Called immediately|Never called|Raises error|Waits, next",0,,,"Full options: The callback is called immediately (possibly on the calling thread); It's silently ignored, never called; It raises an error; It waits for the NEXT future instead."
463,43,select_blank,exercise,460,add_done_callback(lambda f:print(f.___())) prints the result.,result|done|value|get,0,,,You must call `.result()` on the future object (`f`) inside the lambda to extract and print the actual return value of the task.
464,43,type_answer,exercise,460,Which method registers a completion callback? (add_done____),callback,,,,"The method is `add_done_callback()`, which lets you attach a function that runs automatically once the future has finished its execution."
465,43,multi_select,exercise,460,Which of these are true about add_done_callback()?,No blocking/polling|Multiple allowed|Receives Future|Fixed thread,0|1|2,,,"Callbacks may run on whichever worker thread/process actually finished the task, not necessarily the submitting thread — don't assume it's the same one. Full options: It lets you react to completion without blocking or polling; Multiple callbacks can be added to the same Future; The callback receives the Future object as its argument; Callbacks always run on the same thread that submitted the task."
466,44,media_card,main,,What does concurrent.futures.as_completed(futures) give you?,"An iterator that yields each Future as soon as IT finishes, in completion order — not necessarily the order you submitted them|The futures in the exact order you submitted them|Only the first future to complete, ignoring the rest|A single combined result",0,,ascompleted.wav,
467,44,true_false,exercise,466,as_completed() lets you process the first task to finish.,true,true,,,
468,44,multiple_choice,exercise,466,Why is as_completed() better than fixed submission order?,Handles sooner|Identical|Runs faster|Removes executor,0,,,"Full options: You start handling results as soon as they're ready, instead of blocking on a slow early task while faster later ones sit finished and unused; It's identical in behavior either way; as_completed() runs the tasks faster; It removes the need for an executor entirely."
469,44,select_blank,exercise,466,for future in as_completed(___):process(future.result()),futures|executor|results|tasks,0,,,
470,44,type_answer,exercise,466,Which function yields futures by completion order? (as____),completed,,,,
471,44,multi_select,exercise,466,Which of these are true about as_completed()?,Yields Futures|Completion-order yield|Any executor|Same source,0|1|2,,,"Full options: It yields Future objects, not raw results — you still call .result() on each; The order it yields futures in matches completion time, not submission time; It works with a list/set of Future objects from any executor; It requires all futures to come from the exact same executor.submit() call."
472,44,media_card,main,,How does wait() differ from as_completed()?,"It blocks until some condition is met (like ALL futures done, or just the FIRST one), returning two sets: done and not_done — rather than an iterator|It's identical to as_completed() in every way|It cancels all the futures|It only works with exactly one future",0,,futureswait.wav,"wait() blocks until a specified condition is met (like all or the first), giving you two sets of futures—those done and those still running. In contrast, as_completed() immediately yields results one by one as they finish."
473,44,true_false,exercise,472,FIRST_COMPLETED makes wait() return after just one future.,true,true,,,That's correct; setting return_when=FIRST_COMPLETED tells wait() to stop and report immediately once any single future has finished executing.
474,44,multiple_choice,exercise,472,What does wait() return?,done/not_done sets|Combined result|Nothing|First result,0,,,"It returns a named tuple containing two sets: one set of futures that have completed, and another set of futures that are still running."
475,44,select_blank,exercise,472,"wait(futures,return_when=___) waits for every future.",ALL_COMPLETED|FIRST_COMPLETED|FIRST_EXCEPTION|NONE,0,,,"To ensure you wait until absolutely every single future has finished, you must use ALL_COMPLETED."
476,44,type_answer,exercise,472,Which flag returns wait() after any one future? (FIRST____),COMPLETED,,,,The correct flag is FIRST_COMPLETED; this tells wait() to stop and return as soon as just one of the monitored futures finishes its execution.
477,44,multi_select,exercise,472,Which are valid return_when options for wait()?,ALL_COMPLETED|FIRST_COMPLETED|FIRST_EXCEPTION|LAST_COMPLETED,0|1|2,,,"LAST_COMPLETED isn't a real option — the three real flags are ALL_COMPLETED, FIRST_COMPLETED, and FIRST_EXCEPTION."
478,45,media_card,main,,When does future.cancel() actually succeed?,"Only if the task hasn't started running yet — a task already executing can't be cancelled this way|It always succeeds, even mid-execution|It never works, cancel() doesn't exist|Only for ProcessPoolExecutor, never ThreadPoolExecutor",0,,futurecancel.wav,
479,45,true_false,exercise,478,cancel() returns True only for a still-pending task.,true,true,,,
480,45,multiple_choice,exercise,478,Why can't cancel() stop an already-running task?,Unsafe interrupt|Poor implementation|Security immunity|Windows-only limit,0,,,"Full options: There's no safe, general way to interrupt arbitrary running code mid-instruction without corrupting state; cancel() is just poorly implemented and could be fixed easily; Running tasks are immune to all forms of interruption on purpose, for security; It's a deliberate limitation only on Windows."
481,45,select_blank,exercise,478,future.___() returns False if it couldn't be cancelled.,cancel|done|result|wait,0,,,
482,45,multiple_choice,exercise,478,Which method attempts to cancel a future? (one word),cancel|stop|terminate|abort,0,,,Future.cancel() attempts to cancel a not-yet-started task and returns True/False depending on whether it succeeded — a running task usually can't be cancelled.
483,45,multi_select,exercise,478,Which of these are true about future.cancel()?,Not-yet-started only|Returns bool|Check .cancelled()|Stops mid-execution,0|1|2,,,Full options: It only works reliably on futures that haven't started executing yet; It returns a boolean indicating whether the cancellation actually took effect; You can check future.cancelled() afterward to confirm it was cancelled; It can forcibly stop code that's already mid-execution.
484,46,media_card,main,,What does 'async def' create?,"A coroutine function — calling it returns a coroutine object, it doesn't run the body immediately|An identical, ordinary function with no difference|A new thread|A new process",0,,asyncdef.wav,"It creates a special type of function called a coroutine function. When you call this function, it returns a coroutine object that needs to be explicitly run by an event loop."
485,46,true_false,exercise,484,Calling async def doesn't run the body right away.,true,true,,,Exactly. Calling the function just defines the coroutine; you have to use 'await' inside an async context to actually execute its body.
486,46,multiple_choice,exercise,484,What do you get without awaiting a coroutine?,Coroutine object|Actual result|None|Always errors,0,,,"Full options: A coroutine object, not the actual result; The actual computed result; None, always; An error, always."
487,46,select_blank,exercise,484,___ def fetch_data(): marks it a coroutine.,async|await|sync|coro,0,,,You must prefix the function definition with 'async def' to tell Python that this function is designed to be a coroutine.
488,46,multiple_choice,exercise,484,Which keyword precedes 'def' for a coroutine? (one word),async|await|coroutine|yield,0,,,async def defines a coroutine function; await is used inside one to suspend on another awaitable.
489,46,multi_select,exercise,484,Which of these are true about async def functions?,Returns coroutine|Needs await/scheduling|Mixed code|Separate thread,0|1|2,,,Full options: Calling one returns a coroutine object rather than running the body immediately; You typically need 'await' (or a scheduling call) to actually run its body; They can contain regular Python code alongside 'await' expressions; They always run on a separate OS thread automatically.
490,46,media_card,main,,What does 'await' actually do inside a coroutine?,"Suspends this coroutine, handing control back to the event loop, until the awaited thing is ready|Blocks the entire program, including other coroutines|Starts a new thread|Deletes the coroutine",0,,await.wav,"It pauses the current coroutine and yields control back to the event loop, allowing other tasks to run until the operation you are waiting for completes."
491,46,true_false,exercise,490,await can only be used inside async def.,true,true,,,"That's right; the 'await' keyword is specifically designed to pause execution within an asynchronous function, so it must always be used inside a function defined with 'async def'."
492,46,multiple_choice,exercise,490,What can the event loop do during an 'await'?,Run others|Also blocks|Sync only|Crash,0,,,"Full options: Run other ready coroutines/tasks in the meantime; Nothing at all, it also blocks; Only run synchronous code; Crash."
493,46,select_blank,exercise,490,result=___ fetch_data() suspends until it completes.,await|async|yield|return,0,,,You need 'await' because it tells Python that this line of code should pause and wait for the result of fetch_data() before continuing. Using just 'async' or 'await' alone won't achieve the necessary suspension.
494,46,multiple_choice,exercise,490,What context does 'await' require? (an ___ context),async context|coroutine context|generator context|event-loop context,0,,,await is only legal inside an async context (an async def function) — using it elsewhere is a SyntaxError.
495,46,multi_select,exercise,490,Which of these are true about await?,Coroutine-only|Just itself|Others progress|1s minimum,0|1|2,,,"Await must be used inside a coroutine (Coroutine-only), it only suspends the current task, and crucially, other tasks can continue running while it waits. It definitely doesn't enforce a minimum wait time."
496,47,media_card,main,,What is asyncio's cooperative multitasking?,"Coroutines voluntarily give up control at await points, letting the loop switch to another one — no forced preemption|The OS forcibly interrupts each coroutine on a timer, like threads|Every coroutine gets its own separate CPU core|Coroutines never yield control to anything else",0,,cooperativemultitasking.wav,"Cooperative multitasking means that tasks must voluntarily pause themselves at an `await` point to yield control back to the central event loop, which then decides what task runs next."
497,47,true_false,exercise,496,A never-awaiting coroutine blocks the whole event loop.,true,true,cards/card_497.png,,"A coroutine that never awaits will run to completion synchronously, blocking the event loop just like any other long-running CPU task."
498,47,multiple_choice,exercise,496,How many OS threads does one event loop use?,One|Per coroutine|Per core|Zero,0,,,The entire asyncio framework is designed to operate on a single thread and thus uses only one OS thread for its event loop.
499,47,select_blank,exercise,496,asyncio coroutines only yield control at ___ points.,await|random|import|print,0,,,"Coroutines are cooperative; they must explicitly use the await keyword to yield control back to the event loop, otherwise they run until completion without yielding."
500,47,multiple_choice,exercise,496,Term for scheduling coroutines on one thread? (event ___),event loop|task scheduler|coroutine runner|dispatch queue,0,,,The event loop is the single-threaded mechanism that runs and schedules all of asyncio's coroutines and callbacks.
501,47,multi_select,exercise,496,True about the asyncio event loop model?,Single thread|Cooperative yield|CPU parallelism|Scales cheaply,0|1|3,,,"Full options: It typically runs on a single thread; Coroutines cooperatively yield at await points, not on a forced timer; It gives real CPU parallelism across multiple cores; Many thousands of waiting coroutines can be handled cheaply, since each isn't a full OS thread."
502,47,media_card,main,,What does asyncio.run(main()) do?,"Creates a fresh event loop, runs the given coroutine to completion, then cleans up the loop — the standard modern entry point|Runs main() as a normal synchronous function|Starts a new thread for main()|Does nothing without additional setup",0,,asynciorun.wav,"This function handles all the necessary boilerplate: setting up a new loop, executing your coroutine, and ensuring the loop is properly shut down afterward."
503,47,true_false,exercise,502,asyncio.run() is the standard top-level entry point.,true,true,,,"Yes, asyncio.run() was introduced specifically to provide a clean, reliable, and simple way to start asynchronous applications."
504,47,multiple_choice,exercise,502,"Can asyncio.run() be called nested, while running?","No|Yes, freely|Twice max|Windows only",0,,,"Full options: No — asyncio.run() cannot be called from inside a running event loop; Yes, freely, any number of times nested; Only twice, never more; Only on Windows."
505,47,select_blank,exercise,502,if __name__=='__main__':asyncio.___(main()),run|start|loop|go,0,,,"The modern, recommended way to start an async application is using asyncio.run(), as it handles loop creation and cleanup automatically. Methods like `start` or `go` are either deprecated or intended for different contexts."
506,47,type_answer,exercise,502,Which function is the top-level async entry point? (asyncio.___()),run,,,,"asyncio.run() is the dedicated function designed to manage the entire lifecycle of an async application, handling loop setup and teardown for you in a simple call."
507,47,multi_select,exercise,502,Which of these are true about asyncio.run()?,"Manages lifecycle|Once, top-level|Auto-cleanup after|Safely nestable",0|1|2,,,"Full options: It creates and manages the event loop's full lifecycle for you; It's meant to be called once, from synchronous top-level code; It handles cleanup of the loop automatically when the coroutine finishes; It can be safely nested inside another running event loop."
508,48,media_card,main,,asyncio.sleep(1) vs time.sleep(1) in a coroutine?,"asyncio.sleep() yields control back to the event loop during the wait, letting other coroutines run; time.sleep() blocks the entire thread, freezing everything|They are identical, just different names|asyncio.sleep() is slower|time.sleep() is the async-safe version",0,,asynciosleep.wav,"asyncio.sleep() is non-blocking because it tells the event loop, ""I'm waiting,"" allowing other tasks to run in the meantime. Conversely, time.sleep() halts the entire thread, freezing all concurrent activity until the sleep period ends."
509,48,true_false,exercise,508,Other coroutines can run during await asyncio.sleep(2).,true,true,,,"Yes, that's the whole point of using async sleep; when your code awaits it, it yields control back to the event loop, which then runs any other ready coroutines."
510,48,multiple_choice,exercise,508,What happens using time.sleep(2) instead of await asyncio.sleep(2)?,Blocks loop|No difference|Auto-separate thread|Raises error,0,,,Full options: It blocks the ENTIRE event loop for 2 seconds — no other coroutine can make progress either; Nothing different happens; It runs on a separate thread automatically; It raises an immediate error.
511,48,select_blank,exercise,508,await asyncio.___(1) pauses without blocking the loop.,sleep|wait|pause|delay,0,,,"The built-in method for non-blocking waiting is asyncio.sleep(), which suspends the current coroutine while allowing the event loop to continue executing other tasks."
512,48,type_answer,exercise,508,Which function is async-safe sleep? (asyncio.___()),sleep,,,,"The proper, non-blocking way to pause in an asynchronous context is by calling asyncio.sleep()."
513,48,multi_select,exercise,508,True about yielding control with asyncio.sleep()?,sleep(0) trick|Needs 'await'|Avoid time.sleep()|Also blocks,0|1|2,,,"Full options: await asyncio.sleep(0) is a common trick to just yield control once, without any real delay; Using it always requires the 'await' keyword; time.sleep() should generally be avoided inside coroutines; asyncio.sleep() blocks the entire process just like time.sleep()."
514,49,media_card,main,,What happens with a long no-await CPU loop?,"It blocks the ENTIRE event loop — every other coroutine, no matter how ready, has to wait until it finishes|Only that one coroutine is affected, others keep running fine|Python automatically moves it to a separate thread|Nothing bad happens, asyncio handles it transparently",0,,loopstarvation.wav,A long CPU calculation without yielding starves the entire event loop because asyncio must process tasks sequentially; nothing else can run until that blocking code finally finishes.
515,49,true_false,exercise,514,A coroutine that never awaits never yields to others.,true,true,,,"Yielding only happens when you explicitly use 'await', which signals the event loop that it can switch context to another ready task. Without any awaits, the coroutine runs straight through without giving up control."
516,49,multiple_choice,exercise,514,Common example of accidentally blocking the event loop?,Sync requests.get()|sleep(0) call|Correct usage|One coroutine,0,,,"Full options: Calling a synchronous requests.get() (blocking network call) inside a coroutine, instead of an async HTTP client; Calling await asyncio.sleep(0); Using async def correctly everywhere; Running only one coroutine total."
517,49,select_blank,exercise,514,A blocking call starves other coroutines (___ parallelism).,no|unlimited|GIL-based|thread-based,0,,,"Because asyncio operates on a single thread, blocking calls prevent context switching and therefore cannot achieve true parallel execution, only concurrency."
518,49,multiple_choice,exercise,514,Term for a coroutine hogging the loop? (one word),starvation|deadlock|race condition|livelock,0,,,Starvation is when the event loop can't make progress on other coroutines because one of them monopolizes it without yielding control.
519,49,multi_select,exercise,514,Which of these would starve/block an asyncio event loop?,Blocking read|CPU-heavy loop|sleep(0.001) loop|Proper await,0|1,,,"await asyncio.sleep() and a properly awaited async request both cooperatively yield — they don't starve the loop. Full options: A synchronous, blocking file read call with no async equivalent used; A tight CPU loop with millions of iterations and no await; await asyncio.sleep(0.001) in a loop; A properly awaited async HTTP request."
520,50,media_card,main,,Regular function call vs async def call?,A regular function call runs the body immediately; an async def call instantiates a coroutine object that does nothing until awaited/scheduled|There is no real difference at all|Async functions always run faster|Regular functions can't return values,0,,coroutinevsfunction.wav,Forgetting to await it triggers a RuntimeWarning: coroutine was never awaited — a common bug signal.
521,50,true_false,exercise,520,Forgetting 'await' typically warns 'coroutine was never awaited'.,true,true,,,"When you forget 'await', you are merely passing a coroutine object instead of executing it, which is usually an error that Python's type checking catches with this specific warning."
522,50,multiple_choice,exercise,520,Why warn about an un-awaited coroutine?,Likely bug|Illegal syntax|Auto-runs always|Unrelated warning,0,,,"Full options: Because it's very likely a bug — you probably meant to actually run it, and silently skipping it could hide real errors; Because it's illegal syntax; Because coroutines can't be created without immediately running; Because the warning is unrelated to whether it ran."
523,50,select_blank,exercise,520,my_coroutine() alone just creates an object; need ___ it.,await|call|run|exec,0,,,Calling my_coroutine() just creates an awaitable object; you need 'await' it to actually execute the code inside and get the result.
524,50,type_answer,exercise,520,Which warning fires on a never-awaited coroutine? (Runtime____),Warning,,,,The warning that fires when a coroutine is created but never awaited is the RuntimeWarning: coroutine was never awaited. This helps developers catch forgotten awaits.
525,50,multi_select,exercise,520,True differences between coroutines and function calls?,Runs immediately|Deferred run|Same arguments|Needs await/scheduling|Always synchronous,0|1|2|3,,,"Full options: A regular function call executes its body immediately and returns a value; An async def call returns a coroutine object without running the body yet; Both can accept normal arguments the same way; Coroutines require await/scheduling to actually execute their body. ""Always synchronous"" is false — that's exactly what coroutines are not."
526,51,media_card,main,,create_task(coro) vs plain 'await coro'?,"It schedules the coroutine to start running on the event loop immediately/concurrently, without you having to await it right away — it starts running in the background|It runs the coroutine on a new thread|It does exactly the same thing as await|It only creates the coroutine object without scheduling it",0,,createtask.wav,"create_task() immediately schedules the coroutine to start running concurrently on the event loop, allowing your main flow to continue without waiting for its completion. Using plain 'await coro' forces the current execution context to pause until that specific coroutine finishes."
527,51,true_false,exercise,526,A created Task runs as soon as control yields.,true,true,,,"True; when you create a Task, it is added to the event loop queue and will begin running as soon as the control flow yields (i.e., when the event loop has time to process it). This means they don't run instantly but are scheduled for execution."
528,51,multiple_choice,exercise,526,Why use create_task() instead of immediate await?,Background concurrency|No difference|Separate process|Auto-cancels,0,,,"Using create_task() lets the coroutine start running immediately in the background without pausing your main code flow, unlike await(), which forces everything to wait until the operation completes."
529,51,select_blank,exercise,526,asyncio.___(my_coroutine()) schedules it now.,create_task|await|run|sleep,0,,,"You need create_task() because it explicitly tells the event loop to schedule and start running the coroutine right away, rather than just creating a paused object that needs an explicit await call."
530,51,type_answer,exercise,526,Which function turns a coroutine into a Task? (asyncio.create____()),task,,,,"The function you are looking for is asyncio.create_task(), which takes your coroutine object and wraps it in an actual Task object that the event loop can manage."
531,51,multi_select,exercise,526,Which of these are true about asyncio.create_task()?,Loop required|Returns Task|Runs immediately|No difference,0|1|2,,,"It must run within an active event loop because it relies on that loop to schedule execution; crucially, it returns a manageable Task object and starts running without blocking your current code."
532,52,media_card,main,,Coroutine vs Task vs Future?,"A coroutine is the 'what to run' (inert until scheduled); a Task wraps a coroutine and actively schedules/runs it on the loop; a Future is the lower-level 'eventual result' primitive that Task itself is built on top of|They are three unrelated, interchangeable names for the same thing|A Future is a coroutine that has already finished|A Task is a synchronous function",0,,coroutinetaskfuture.wav,
533,52,true_false,exercise,532,A Task is a kind of Future.,true,true,,,
534,52,multiple_choice,exercise,532,Which does nothing until explicitly scheduled?,Bare coroutine|A Task|Executor Future|None,0,,,Full options: A bare coroutine object; A Task; A Future returned by an executor; None of them — all three run immediately.
535,52,select_blank,exercise,532,asyncio.___() turns a coroutine into a scheduled Task.,create_task|Future|coroutine|run,0,,,
536,52,multiple_choice,exercise,532,What lower-level class does Task build on? (one word),Future|Task|Coroutine|Promise,0,,,asyncio.Future is the lower-level 'eventual result' object; Task is a subclass of Future that specifically wraps a running coroutine.
537,52,multi_select,exercise,532,Which of these are true?,Unscheduled alone|Future-like object|Also awaitable|Never both,0|1|2,,,Full options: A coroutine object alone is not scheduled on the event loop until wrapped in a Task (or awaited directly); Task is asyncio's Future-like object specifically for running coroutines; You can await a Task the same way you await a coroutine; Futures and Tasks cannot both have .result() and .done() methods.
538,53,media_card,main,,"What does asyncio.gather(coro1, coro2, coro3) do?","Runs all the given coroutines/tasks concurrently and returns their results together, in the same order they were passed in, once all complete|Runs them one after another, sequentially|Runs only the first one|Cancels all but the fastest one",0,,asynciogather.wav,"`asyncio.gather` is designed to run multiple awaitables simultaneously (concurrently) and waits for all of them to finish before returning the results as a list, maintaining the input order."
539,53,true_false,exercise,538,asyncio.gather() returns results in the original argument order.,true,true,,,"That's correct; even if one coroutine finishes much faster than others, `asyncio.gather` collects and returns the results in the exact sequence you provided them."
540,53,multiple_choice,exercise,538,"By default, what happens if gather() hits an exception?",Propagates immediately|Silent None|Ignored completely|Auto-retries,0,,,Full options: gather() immediately propagates that exception to the caller (other tasks keep running in the background unless cancelled); All results are silently set to None; gather() ignores it completely; gather() retries automatically.
541,53,select_blank,exercise,538,"await asyncio.___(a(),b(),c()) runs all concurrently.",gather|sleep|wait|lock,0,,,"You need `gather` because it is specifically designed to take multiple coroutines and execute them all at the same time, rather than waiting for each one sequentially."
542,53,type_answer,exercise,538,"Which function runs many awaitables, ordered results? (asyncio.___())",gather,,,,It's `gather`; this function is the standard way to run several tasks concurrently and collect their resulting values in a predictable order.
543,53,multi_select,exercise,538,Which of these are true about asyncio.gather()?,Both types|Argument order|return_exceptions option|2-arg limit,0|1|2,,,"Full options: It can accept both coroutines and Task objects; Results are returned in argument order, not completion order; It has a return_exceptions=True option to collect exceptions instead of raising immediately; It only ever accepts exactly 2 arguments."
544,54,media_card,main,,How does asyncio.as_completed() differ from asyncio.gather()?,"as_completed() yields results in the order tasks FINISH (fastest first); gather() collects all results together, in the original argument order|They behave identically|as_completed() runs tasks one at a time, sequentially|as_completed() doesn't support exceptions at all",0,,asynciocompleted.wav,"The key difference is timing: as_completed() yields results immediately as each task finishes (fastest first), whereas gather() waits for everything and returns them all at once, preserving the original input order."
545,54,true_false,exercise,544,as_completed() processes each result as its task finishes.,true,true,,,"True. The whole point of using as_completed() is that you process a result as soon as it's available, rather than waiting until every single task has finished."
546,54,multiple_choice,exercise,544,When is asyncio.as_completed() especially useful over gather()?,Fastest first|Fixed order|One coroutine|Avoid concurrency,0,,,as_completed() shines when the results are not equally important or when some tasks might finish much faster than others; this allows you to start processing useful data immediately without being blocked by the slowest task.
547,54,select_blank,exercise,544,for finished in asyncio.___(tasks): completion order.,as_completed|gather|create_task|wait,0,,,"You need as_completed because it yields results in the order they finish, which is ideal for processing tasks as soon as they are ready. Using gather() would force you to wait until every single task has completed before receiving any results."
548,54,type_answer,exercise,544,Which function yields by completion order? (asyncio.as____()),completed,,,,"The function is asyncio.as_completed, which is specifically designed for iterating over the results of tasks as they become available, rather than waiting for all of them to finish together."
549,54,multi_select,exercise,544,Which of these are true about asyncio.as_completed()?,Still awaited|Fastest-first reaction|Preserves order|Supports timeout,0|1|3,,,Full options: Each item it yields must itself be awaited to get that task's result; It's useful for reacting to whichever task finishes first; It preserves original argument order in its output; It can be combined with a timeout parameter.
550,55,media_card,main,,What does task.cancel() actually do?,It requests cancellation by scheduling a CancelledError to be raised inside the task at its next await point — it doesn't stop the task instantly|It immediately and forcibly kills the task with no further code running|It pauses the task forever without ever resuming it|It silently ignores the task from then on,0,,taskcancel.wav,"Cancellation is advisory: it merely schedules a CancelledError to be raised when the task next hits an await point. It does not forcibly kill or stop the task instantly, especially if the task is CPU-bound."
551,55,true_false,exercise,550,A task won't notice cancel() until its next await.,true,true,,,This is true because Python tasks are cooperative; they only check for cancellation signals when they voluntarily yield control back to the event loop using an await statement.
552,55,multiple_choice,exercise,550,What does .cancelled() return after cancellation?,True|False|None|Raises error,0,,,"Since the task has been marked as cancelled, calling .cancelled() confirms its status by returning True. It will only return False if cancellation hasn't fully registered yet."
553,55,select_blank,exercise,550,my_task.___() requests cancellation at the next await.,cancel|stop|kill|abort,0,,,You must use .cancel() to signal that the task should stop running when it hits its next suspension point (await). Other methods like 'stop' or 'kill' are not part of the asyncio API.
554,55,type_answer,exercise,550,Which exception fires when a Task is cancelled? (asyncio.___Error),Cancelled,,,,The specific exception asyncio uses to signal cancellation is `asyncio.CancelledError`. This is the standard way the runtime informs your coroutine that it needs to shut down gracefully.
555,55,multi_select,exercise,550,Which of these are true about async task cancellation?,Requests only|Swallowing bad|finally: runs|Stops instantly,0|1|2,,,"Full options: task.cancel() only requests cancellation — it takes effect at the task's next await point; Catching CancelledError with a bare 'except:' and swallowing it silently is generally considered bad practice, since it breaks cancellation propagation; A finally: block still runs during cancellation, useful for cleanup; Once cancel() is called, the task is guaranteed to stop within the same line of code."
556,56,media_card,main,,What does 'async with asyncio.timeout(5):' do (Python 3.11+)?,"Raises TimeoutError if the code inside the block hasn't finished within 5 seconds, cancelling whatever's still running inside it|Waits exactly 5 seconds before running the block|Retries the block up to 5 times|Silently ignores anything that takes longer than 5 seconds, no error raised",0,,asynciotimeout.wav,
557,56,true_false,exercise,556,asyncio.timeout() wraps a whole block with one shared deadline.,true,true,,,
558,56,multiple_choice,exercise,556,Advantage of asyncio.timeout() over wrapping one call?,Shared deadline|Same limitation|Separate thread|No advantage,0,,,"Full options: It applies one shared deadline across the whole block of multiple awaits, not just a single call; It can only time out a single await, same as any other approach; It runs the block on a separate thread; It has no advantage at all."
559,56,select_blank,exercise,556,async with asyncio.___(5): raises TimeoutError.,timeout|sleep|wait_for|shield,0,,,
560,56,type_answer,exercise,556,Which exception fires when the deadline is exceeded? (___Error),Timeout,,,,
561,56,multi_select,exercise,556,Which of these are true about asyncio.timeout()?,async-with based|Since 3.11|Multi-await block|Guaranteed success,0|1|2,,,"Full options: It's used with 'async with', not as a plain function call around one coroutine; It was added in Python 3.11; It can wrap a block containing multiple separate await statements; It guarantees the wrapped code finishes successfully, never times out."
562,56,media_card,main,,"What does asyncio.wait_for(coro, timeout=5) do?","Awaits a single coroutine, but cancels it and raises TimeoutError if it hasn't finished within 5 seconds|Waits forever regardless of the timeout value|Runs the coroutine 5 times|Sleeps for 5 seconds first, then runs the coroutine",0,,asynciowaitfor.wav,
563,56,true_false,exercise,562,wait_for() wraps one awaitable; timeout() wraps a whole block.,true,true,,,"This is correct because wait_for specifically wraps a single awaitable object to enforce a time limit, whereas asyncio.timeout() is used as a context manager to wrap an entire block of code."
564,56,multiple_choice,exercise,562,What happens to the task if wait_for() times out?,"Cancelled first|Keeps running|Paused, resumable|Different exception",0,,,"Full options: It is cancelled before TimeoutError is raised to the caller; It keeps running in the background forever, untracked; It's paused, resumable later; It raises a different, unrelated exception."
565,56,select_blank,exercise,562,"await asyncio.___(fetch(),timeout=3) awaits with a deadline.",wait_for|timeout|gather|shield,0,,,You must use wait_for because it accepts a single awaitable and applies the timeout deadline directly when called; using 'timeout' here would require wrapping the call in a context manager instead.
566,56,type_answer,exercise,562,Which older function times out one awaitable? (asyncio.wait____()),for,,,,"The correct function is `wait_for`, which was the older, dedicated utility used specifically to time out one individual coroutine or awaitable object."
567,56,multi_select,exercise,562,Which of these are true?,Classic timeout|Now preferred|Same error|Never cancels,0|1|2,,,Full options: asyncio.wait_for() is the classic way to add a per-call timeout to one coroutine; asyncio.timeout() (3.11+) is generally preferred for wrapping multiple awaits under one shared deadline; Both raise TimeoutError when their deadline is exceeded; Neither of them ever cancels the underlying coroutine on timeout.
568,57,media_card,main,,What does TaskGroup guarantee over manual tracking?,"It guarantees ALL tasks created inside the block are awaited/completed (or cancelled) before the block exits — no task can be silently forgotten or leaked|It runs tasks sequentially, one at a time|It prevents any task from ever failing|It automatically retries failed tasks",0,,taskgroup.wav,"TaskGroup guarantees that every task started within its context manager must be completed or explicitly cancelled before the block exits, preventing resource leaks common with manual tracking."
569,57,true_false,exercise,568,TaskGroup is the modern alternative to manual gather() lists.,true,true,,,"This is correct because TaskGroup provides structured concurrency and automatic cleanup, which are significant improvements over manually collecting and awaiting results using asyncio.gather()."
570,57,multiple_choice,exercise,568,What happens to siblings if one TaskGroup task fails?,"Auto-cancelled|Keep running|Crashes uncleanly|Nothing, ignored",0,,,"Full options: They are automatically cancelled, and the group raises a combined error wrapping every task's exception (covered next) once everything has wound down; They keep running forever, unaffected; The whole program crashes with no cleanup; Nothing — TaskGroup ignores exceptions."
571,57,select_blank,exercise,568,async with asyncio.___() as tg: tracks every child task.,TaskGroup|gather|timeout|Lock,0,,,You must use `TaskGroup` here because it is specifically designed to act as a context manager that automatically tracks and manages all child tasks started inside its block.
572,57,type_answer,exercise,568,Which class provides structured task-group concurrency? (asyncio.___),TaskGroup,,,,"The `TaskGroup` class is the dedicated tool in asyncio for implementing structured concurrency, ensuring that all spawned tasks are managed and cleaned up properly when done."
573,57,multi_select,exercise,568,Which of these are true about asyncio.TaskGroup?,Via tg.create_task()|Since 3.11|Cancels siblings|Swallows exceptions,0|1|2,,,Full options: Tasks are created with tg.create_task(...) inside the 'async with' block; It was introduced in Python 3.11; One failing task triggers cancellation of its siblings within the same group; It silently swallows all exceptions from child tasks.
574,58,media_card,main,,Why does TaskGroup raise an ExceptionGroup?,Because MULTIPLE tasks in the group could fail with DIFFERENT exceptions at the same time — ExceptionGroup bundles all of them together instead of picking just one to report|Because ExceptionGroup is just a renamed alias for a normal exception|Because only exactly one task is ever allowed to fail|Because TaskGroup never actually raises anything,0,,exceptiongroup.wav,ExceptionGroup and the except* syntax were introduced together by PEP 654.
575,58,true_false,exercise,574,You catch an ExceptionGroup with 'except*' syntax.,true,true,cards/card_575.png,,except* can match and handle specific exception types even when several different ones occurred at once.
576,58,multiple_choice,exercise,574,How does 'except*' differ from plain 'except'?,Matches subtype|No difference|Catches everything|Outside try,0,,,"Full options: It matches and extracts only the ValueError sub-exceptions from the group, while letting other exception types in the same group be handled separately (or re-raised); It behaves exactly like a normal except clause with no differences; It catches every exception type regardless of what's specified; It can only be used outside of any try block."
577,58,select_blank,exercise,574,___* ValueError catches one exception from a group.,except|catch|handle|rescue,0,,,
578,58,multiple_choice,exercise,574,Which PEP introduced except* and ExceptionGroup? (PEP ___),PEP 654|PEP 570|PEP 618|PEP 695,0,,,"PEP 654 introduced ExceptionGroup and the except* syntax in Python 3.11, for handling multiple unrelated exceptions raised together."
579,58,multi_select,exercise,574,Which of these are true about ExceptionGroup and except*?,Bundles many|Repeatable clause|Star required|Single only,0|1|2,,,"Full options: ExceptionGroup can bundle multiple, possibly different, exception types raised concurrently; except* can be repeated for different exception types on the same try block; A plain 'except ValueError:' (without the star) cannot match sub-exceptions packed inside an ExceptionGroup; ExceptionGroup only ever wraps exactly one underlying exception."
580,59,media_card,main,,What does asyncio.wait() with FIRST_COMPLETED do?,"Returns as soon as ANY one task finishes, splitting the tasks into 'done' and still-'pending' sets — the rest keep running unless you handle them|Waits for every single task to finish before returning anything|Cancels all tasks immediately|Blocks forever until manually interrupted",0,,asynciowait.wav,
581,59,true_false,exercise,580,"asyncio.wait() doesn't auto-propagate exceptions, unlike gather().",true,true,cards/card_581.png,,
582,59,multiple_choice,exercise,580,Default value of return_when if unspecified?,ALL_COMPLETED|FIRST_COMPLETED|FIRST_EXCEPTION|No default,0,,,"Full options: asyncio.ALL_COMPLETED — wait for every task to finish; asyncio.FIRST_COMPLETED — wait for just one; asyncio.FIRST_EXCEPTION — wait for the first failure; There is no default, it's required."
583,59,select_blank,exercise,580,"wait(tasks,return_when=asyncio.___) returns after one completes.",FIRST_COMPLETED|ALL_COMPLETED|LAST_COMPLETED|NONE_COMPLETED,0,,,
584,59,type_answer,exercise,580,Which flag waits for every task? (ALL____),COMPLETED,,,,"The ALL_COMPLETED flag is used because it only changes once all tasks have finished, making it the definitive signal that every task has completed."
585,59,multi_select,exercise,580,Which of these are true about asyncio.wait()?,done/pending sets|Pending continues|Tasks required|Auto re-raises,0|1|2,,,"Full options: It returns two sets: done and pending tasks; Tasks left in 'pending' after FIRST_COMPLETED keep running unless you cancel them yourself; It requires Task objects, not bare coroutines, as of recent Python versions; It automatically re-raises exceptions from failed tasks the way gather() does."
586,60,media_card,main,,What does asyncio.shield(coro) protect against?,It protects the inner task from being cancelled if the OUTER await (the one wrapping shield()) gets cancelled — the shielded task keeps running to completion in the background|It protects the coroutine from ever raising any exception|It makes the coroutine run twice as fast|It prevents the coroutine from ever being awaited,0,,asyncioshield.wav,"It protects the inner coroutine from cancellation if the outer scope cancels; even if the surrounding code is cancelled, the shielded task continues running until it completes naturally."
587,60,true_false,exercise,586,shield()'s inner task keeps running if outer is cancelled.,true,true,,,"Even when the outer await is cancelled (e.g. by a timeout), shield() protects the inner task from being cancelled too."
588,60,multiple_choice,exercise,586,What's a realistic use case for asyncio.shield()?,Must-finish write|CPU speedup|Replaces gather()|Prevents running,0,,,Full options: A critical database write that must finish even if the surrounding request handling gets cancelled/times out; Speeding up a CPU-bound loop; Replacing asyncio.gather() entirely; Preventing a coroutine from ever running at all.
589,60,select_blank,exercise,586,await asyncio.___(save_critical_data()) protects from outer cancel.,shield|timeout|wait_for|gather,0,,,You must use asyncio.shield() because it is specifically designed to prevent external cancellation signals from interrupting the critical data saving process.
590,60,type_answer,exercise,586,Which function protects a task from outer cancellation? (asyncio.___()),shield,,,,"The function you need is asyncio.shield(), which wraps a coroutine and ensures that even if the calling context cancels, the wrapped task continues running until completion."
591,60,multi_select,exercise,586,Which of these are true about asyncio.shield()?,Stays uncancelled|Directly cancellable|Critical writes|Outer guaranteed,0|1|2,,,"Full options: If the caller awaiting the shielded call is cancelled, the shielded coroutine itself is NOT cancelled; The shielded task can still be cancelled directly, just not via the outer await's cancellation; It's typically used for critical cleanup or write operations that shouldn't be interrupted; It guarantees the outer await also always succeeds, never raising CancelledError itself."
592,61,media_card,main,,Why does asyncio need its own Lock?,"asyncio.Lock's acquire() is awaitable/non-blocking — it yields control to the event loop while waiting, instead of freezing the whole loop's single thread like threading.Lock would|They are exactly identical and interchangeable|asyncio.Lock is faster because it uses multiple threads internally|threading.Lock cannot be imported inside async code at all",0,,asynciolock.wav,"Since asyncio runs on a single thread, using `threading.Lock` would block the entire event loop while waiting for the lock, whereas `asyncio.Lock` yields control back to the loop when it waits."
593,61,true_false,exercise,592,"asyncio.Lock needs 'await lock.acquire()', not a plain call.",true,true,,,"Because acquiring the lock might involve waiting (which is an asynchronous operation), you must use `await` to pause execution and allow other tasks to run until the lock becomes available."
594,61,multiple_choice,exercise,592,Why is a Lock still needed in asyncio?,Interleaving risk|Multi-threaded really|Always required|Not needed,0,,,"Full options: Because a coroutine can be suspended mid-operation at an await point, letting another coroutine interleave and corrupt shared state if not protected; Because asyncio actually uses multiple threads under the hood; Because Python requires a Lock for every variable access; Locks aren't actually needed in asyncio, it's just convention."
595,61,select_blank,exercise,592,async with asyncio.___(): auto-releases on exit.,Lock|Semaphore|Event|Barrier,0,,,"The `async with` statement is designed for resource management, ensuring that when exiting the block, the associated lock's release method is called automatically and reliably."
596,61,type_answer,exercise,592,Which class provides mutual exclusion for coroutines? (asyncio.___),Lock,,,,"The `asyncio.Lock` class is the dedicated tool within asyncio to manage access control, guaranteeing that only one coroutine can execute a critical section of code at any given time."
597,61,multi_select,exercise,592,Which of these are true about asyncio.Lock?,Awaited acquire()|Context-manager support|Protects state|Spawns threads,0|1|2,,,"Full options: Its acquire() must be awaited, not called synchronously; It supports 'async with lock:' as a context manager; It protects shared state from being corrupted by interleaved coroutines at await points; It spawns a new OS thread to protect the critical section."
598,62,media_card,main,,What does asyncio.Semaphore(5) enforce?,"At most 5 coroutines can be inside that block concurrently — the 6th has to wait until one of the first 5 finishes and releases|Exactly 5 coroutines will run, no more no less, ever|A 5-second delay before running the block|5 retries if the block fails",0,,asynciosemaphore.wav,"A Semaphore limits concurrency by allowing at most N coroutines (in this case, 5) to enter a critical section simultaneously; any subsequent attempts must await release until space opens up."
599,62,true_false,exercise,598,asyncio.Semaphore commonly caps concurrent HTTP requests to an API.,true,true,,,"This is the primary use case for Semaphores in asynchronous networking. By capping concurrency, you prevent overwhelming an external API with too many simultaneous requests."
600,62,multiple_choice,exercise,598,"100 tasks, semaphore count 10: how many run concurrently?",Max 10|All 100|Exactly 1|Blocks all,0,,,"The semaphore acts as a gatekeeper, allowing only 10 tasks to proceed into the critical section at any given time. The remaining 90 tasks will pause and wait their turn until one of the initial 10 releases its hold."
601,62,select_blank,exercise,598,asyncio.___(10) limits concurrent access to 10.,Semaphore|Lock|Event|Queue,0,,,"A Semaphore is specifically designed to limit access by a count, allowing up to N coroutines simultaneously. A Lock only allows exactly one coroutine at a time, while Events and Queues serve different signaling or data-passing purposes."
602,62,type_answer,exercise,598,Which primitive limits access by count? (asyncio.___),Semaphore,,,,"Semaphores are the dedicated tool for controlling concurrency when you need to allow a specific number of tasks access, rather than just restricting it to a single task."
603,62,multi_select,exercise,598,Which of these are true about asyncio.Semaphore?,Holder count|Like Lock|Throttles requests|Lock-like always,0|1|2,,,Semaphores are initialized with a maximum capacity (holder count) and function similarly to Locks by using async context managers. They are most commonly used for throttling external resources like network calls.
604,63,media_card,main,,What does asyncio.Event let coroutines do?,"Coroutines can 'await event.wait()' to pause until some other coroutine calls event.set() — a simple on/off signal flag|It's a timer that fires automatically after a fixed delay|It's identical to asyncio.Lock, just renamed|It lets exactly one coroutine run forever",0,,asyncioevent.wav,"An Event acts as a simple signaling mechanism, allowing one part of your code to wait asynchronously until another part explicitly signals that an action has occurred."
605,63,true_false,exercise,604,"event.set() wakes every waiting coroutine, not just one.",true,true,,,"That's correct; calling set() wakes up every coroutine currently awaiting the event, not just one specific task."
606,63,multiple_choice,exercise,604,How do you reset an Event to 'not set'?,.clear()|.reset()|.stop()|Not resettable,0,,,You should use .clear() to reset an Event back to its initial 'not set' state. Using .reset() or .stop() will either fail or have no effect on the object.
607,63,select_blank,exercise,604,await event.___() pauses until set() elsewhere.,wait|set|clear|check,0,,,The await event.wait() call is designed specifically to pause execution until another part of the code calls event.set().
608,63,type_answer,exercise,604,Which primitive is a simple set/clear flag? (asyncio.___),Event,,,,"Event is the built-in asyncio primitive that acts as a simple, thread-safe flag or signal, allowing coroutines to wait for an asynchronous condition."
609,63,multi_select,exercise,604,Which of these are true about asyncio.Event?,Wakes all|clear() resets|Non-blocking check|Single waiter,0|1|2,,,"Full options: event.set() wakes ALL current waiters, not just one; event.clear() resets it so future waiters will block again; event.is_set() checks the current state without blocking; It can only ever be waited on by exactly one coroutine at a time."
610,63,media_card,main,,What does asyncio.Condition add on top of asyncio.Event?,"It combines a Lock with the ability to wait/notify, letting coroutines wait for a specific shared-state condition to become true (not just a simple flag) while holding the lock safely|It's exactly the same as Event with a different name|It removes the need for any lock at all|It only works with threading, not asyncio",0,,asynciocondition.wav,Condition combines the waiting/notifying capability of Event with the explicit state management and mutual exclusion provided by a Lock. This allows coroutines to wait until a specific shared data condition is met while ensuring safe access.
611,63,true_false,exercise,610,"asyncio.Condition supports notify() and notify_all(), like threading's.",true,true,,,
612,63,multiple_choice,exercise,610,Why use Condition over Event for shared-list signaling?,Safe re-check|No benefit|Event suffices|Not awaitable,0,,,"Full options: Condition lets consumers re-check the actual state (e.g. 'is the list non-empty?') under lock protection each time they wake, guarding against races Event alone can't handle; Condition is strictly slower and offers nothing extra; Event already includes everything Condition does; Condition can't be awaited."
613,63,select_blank,exercise,610,"async with condition:await condition.___() waits, re-acquiring.",wait|set|acquire|notify,0,,,
614,63,type_answer,exercise,610,Which primitive combines a lock with wait/notify? (asyncio.___),Condition,,,,
615,63,multi_select,exercise,610,Which of these are true about asyncio.Condition?,async-with required|Wakes everyone|Producer-consumer use|Lock-incompatible,0|1|2,,,Full options: It must be used inside 'async with condition:' to hold its underlying lock; condition.notify_all() wakes every coroutine waiting on it; It's commonly used for coroutine-based producer-consumer coordination; It cannot be combined with a shared Lock.
616,64,media_card,main,,What does asyncio.Queue provide coroutines?,An async-safe FIFO queue where put() and get() are awaitable — a full producer's put() and an empty consumer's get() both suspend without blocking the event loop|A queue that can only ever hold one item|A synchronous queue identical to queue.Queue|A queue that automatically deletes items after 1 second,0,,asyncioqueue.wav,
617,64,true_false,exercise,616,await queue.get() suspends without blocking if empty.,true,true,,,
618,64,multiple_choice,exercise,616,What does put() do at maxsize?,Suspends non-blocking|Raises exception|Drops item|Blocks loop,0,,,"Full options: Suspends until there's room, without blocking the event loop; Raises an exception immediately; Silently drops the item; Blocks the entire event loop until space frees up."
619,64,select_blank,exercise,616,item=await queue.___() waits for the next item.,get|put|pop|fetch,0,,,
620,64,type_answer,exercise,616,Which class provides an async-safe FIFO queue? (asyncio.___),Queue,,,,
621,64,multi_select,exercise,616,Which of these are true about asyncio.Queue?,Both awaited|Standard tool|Bounded backpressure|Not awaitable,0|1|2,,,"Full options: Both put() and get() are coroutine methods, requiring await; It's the standard tool for coroutine-based producer-consumer pipelines; A bounded queue (maxsize set) applies backpressure by suspending put() when full; It cannot be awaited, only used synchronously."
622,64,media_card,main,,Queue vs LifoQueue vs PriorityQueue?,"Queue is FIFO (first in, first out); LifoQueue is LIFO (last in, first out, stack-style); PriorityQueue always returns the lowest-priority-value item first, regardless of insertion order|They are all identical, just named differently|LifoQueue is actually FIFO under a different name|PriorityQueue ignores priority and behaves randomly",0,,lifopriorityqueue.wav,
623,64,true_false,exercise,622,PriorityQueue expects comparable items to determine ordering.,true,true,cards/card_623.png,,
624,64,multiple_choice,exercise,622,Which class fits a coroutine-based stack?,LifoQueue|Queue|PriorityQueue|Event,0,,,"A stack operates on a Last-In, First-Out principle, which is exactly what `LifoQueue` implements. The standard `Queue`, by contrast, uses FIFO (First In, First Out)."
625,64,select_blank,exercise,622,asyncio.___() is a stack-like async queue.,LifoQueue|Queue|PriorityQueue|Barrier,0,,,"To mimic a stack structure (Last-In, First-Out), you should use `LifoQueue` from the asyncio library. This ensures items are retrieved in reverse order of insertion."
626,64,type_answer,exercise,622,Which subclass dequeues lowest priority first? (asyncio.___Queue),Priority,,,,"The `PriorityQueue` is designed to handle items based on their assigned importance, meaning it always dequeues the item with the lowest numerical priority first."
627,64,multi_select,exercise,622,Which of these are true?,FIFO default|Stack behavior|Comparable items|Shared interface|Always unbounded,0|1|2|3,,,"Full options: asyncio.Queue is FIFO by default; asyncio.LifoQueue behaves like a stack; asyncio.PriorityQueue requires orderable/comparable items; All three variants share the same async get()/put() interface. ""Always unbounded"" is false — any of them can be given a maxsize."
628,65,media_card,main,,What happens using threading.Lock in a coroutine?,"It blocks the single OS thread the event loop runs on — freezing every other coroutine too, since there's no cooperative yielding involved|Nothing bad, they behave identically|It raises a clear, helpful error immediately|It automatically converts to an async-safe lock",0,,synclockasyncerror.wav,"Because standard threading locks are designed for synchronous code, they block the underlying OS thread entirely, freezing all other coroutines running on that single event loop until the lock is released."
629,65,true_false,exercise,628,"threading.Lock.acquire() is fully synchronous, blocking.",true,true,,,That's exactly why it's dangerous inside an async event loop — it blocks the whole loop (see Event Loop Starvation & Blocking).
630,65,multiple_choice,exercise,628,Correct fix for threading.Lock in async code?,Use asyncio.Lock|Ignore error|Different coroutine|Interchangeable,0,,,"Full options: Replace it with asyncio.Lock and use 'await lock.acquire()' or 'async with lock:'; Wrap threading.Lock.acquire() in try/except and ignore the error; Call it from a different coroutine; Nothing needs to change, they're interchangeable."
631,65,select_blank,exercise,628,Blocking calls inside a coroutine cause event loop ___.,starvation|acceleration|cancellation|isolation,0,,,"When you make a synchronous, blocking call, it monopolizes the thread and prevents the event loop from running its scheduled tasks for other coroutines, causing them to starve."
632,65,multiple_choice,exercise,628,What bug does a blocking call in async cause?,Loop starvation|Loop deadlock|Task cancellation|Memory leak,0,,,"A blocking synchronous call inside async code hogs the single thread running the event loop, starving every other coroutine of a chance to run."
633,65,multi_select,exercise,628,Which of these are true?,Blocks thread|Correct replacement|Common bug|Self-adapting,0|1|2,,,"Full options: threading.Lock has no async-aware yielding, so it fully blocks the thread the event loop runs on; asyncio.Lock is the correct, non-blocking replacement inside coroutines; Mixing sync and async locking primitives is a common real-world async bug; threading.Lock automatically detects it's inside a coroutine and behaves like asyncio.Lock."
634,66,media_card,main,,What does open_connection() give you?,"Opens a non-blocking TCP client connection, returning a StreamReader and StreamWriter pair to read from and write to the socket|Opens a file on disk|Starts a background server listening for connections|Blocks the event loop until the connection is manually closed",0,,asyncioopenconnection.wav,"It establishes a non-blocking TCP connection suitable for clients, giving you paired streams that allow you to asynchronously read data from and write data to the socket."
635,66,true_false,exercise,634,open_connection() is client-side; start_server() is server-side.,true,true,,,"This is correct because `open_connection` handles initiating an outbound connection from a client perspective, while `start_server` sets up the process to listen for incoming connections."
636,66,multiple_choice,exercise,634,What does await asyncio.open_connection() give you back?,Reader/writer tuple|Socket int|Empty Future|Nothing,0,,,"Full options: A (StreamReader, StreamWriter) tuple; A single socket file descriptor integer; A Future with no data; Nothing, it's fire-and-forget."
637,66,select_blank,exercise,634,"reader,writer=await asyncio.___(host,port) opens a client connection.",open_connection|start_server|connect|Queue,0,,,"asyncio.open_connection() is the specific function designed to establish an outgoing client connection, returning reader and writer objects immediately upon success. You use this when your code needs to connect *to* a service."
638,66,type_answer,exercise,634,Which function opens an async client connection? (asyncio.open____()),connection,,,,You need to use asyncio.open_connection() because that function is built specifically to handle establishing asynchronous outgoing client links. This is the standard way to act as a client in asyncio.
639,66,multi_select,exercise,634,Which of these are true about asyncio.open_connection()?,"Needs await|Returns reader/writer|Client-side counterpart|Synchronous, blocking",0|1|2,,,"Full options: It must be awaited; It returns both a reader and a writer; It's the client-side counterpart to asyncio.start_server(); It's a synchronous, blocking call."
640,66,media_card,main,,What does start_server() set up?,"A non-blocking TCP server that calls handle_client(reader, writer) for every new incoming connection, all without blocking the event loop|A single one-time client connection|A background thread pool|A synchronous socket server",0,,asynciostartserver.wav,"It sets up a robust, non-blocking server that handles multiple incoming clients concurrently without freezing the event loop. This is crucial because it allows your application to manage many connections efficiently."
641,66,true_false,exercise,640,start_server() lets one slow client not block others.,true,true,cards/card_641.png,,"Yes, this is its main benefit; because it uses asynchronous I/O, handling one slow client doesn't prevent the server from accepting or processing data from other clients. This keeps your application responsive."
642,66,multiple_choice,exercise,640,What signature does start_server()'s handler need?,Reader/writer args|No arguments|Sync function|Future arg,0,,,"Full options: async def handle_client(reader, writer): — it receives a StreamReader and StreamWriter for that connection; def handle_client(): with no arguments; A synchronous function returning a socket object; It must accept a single Future argument."
643,66,select_blank,exercise,640,"await asyncio.___(handle_client,host,port) starts a server.",start_server|open_connection|create_task|gather,0,,,"You must use asyncio.start_server() because that is the dedicated function responsible for binding to a port and listening for incoming connections, thus setting up the server. open_connection() is only used for clients."
644,66,type_answer,exercise,640,Which function runs an async TCP server? (asyncio.start____()),server,,,,You use asyncio.start_server() because it handles the setup and listening required to run an asynchronous TCP service.
645,66,multi_select,exercise,640,Which of these are true about asyncio.start_server()?,Coroutine handler|Concurrent clients|Server-side counterpart|Single client,0|1|2,,,Full options: It accepts a coroutine function as its connection handler; Multiple clients can be served concurrently without blocking each other; It's the server-side counterpart to open_connection(); It only supports exactly one simultaneous client.
646,67,media_card,main,,reader.read(100) vs reader.readline()?,"read(100) reads up to 100 bytes (or until EOF), while readline() reads until a newline character is found — both suspend the coroutine (without blocking the loop) until enough data arrives|They are identical in every way|readline() reads exactly 1 byte only|read(100) blocks the entire event loop while readline() doesn't",0,,streamreaderwriter.wav,"On the write side: writer.write(data) buffers bytes synchronously, and await writer.drain() applies backpressure so the buffer doesn't grow unbounded."
647,67,true_false,exercise,646,write() queues bytes; await drain() applies backpressure after.,true,true,cards/card_647.png,,"This is accurate because write() just puts data into an internal buffer, and you must await drain() to ensure that buffered data has actually been sent over the network socket."
648,67,multiple_choice,exercise,646,"Why isn't write() awaited, but drain() is?",Buffers synchronously|Also awaited|Never needed|Both synchronous,0,,,"Full options: write() just buffers the data synchronously; drain() is the async operation that waits until the buffer has drained enough to avoid excessive memory use; write() is always awaited too, this is a trick question; drain() never needs to be awaited; Both are always synchronous."
649,67,select_blank,exercise,646,"After writer.write(data), calling await writer.___() applies backpressure.",drain|read|close|flush_sync,0,,,"You must use await writer.drain() because it pauses execution until the internal write buffer has been fully flushed and acknowledged by the operating system, thus applying backpressure."
650,67,type_answer,exercise,646,Which method applies backpressure after write()? (one word),drain,,,,The drain() method is essential for backpressure because it pauses execution until all data written to the stream has been flushed and acknowledged by the underlying transport.
651,67,multi_select,exercise,646,Which of these are true about asyncio stream reading/writing?,Both awaitable|Drain awaited|Unbounded growth|Byte-by-byte only,0|1|2,,,"Full options: reader.read(n) and reader.readline() are both awaitable; writer.write() itself is not awaited, but writer.drain() is; Forgetting to await drain() can lead to unbounded memory growth under heavy writes; StreamReader can only ever read exactly 1 byte at a time."
652,68,media_card,main,,How do Transports/Protocols relate to streams?,"Transports and Protocols are the lower-level, callback-based building blocks that the streams API is actually implemented on top of — most application code should prefer the simpler streams API instead|They are a completely separate, unrelated API with no connection to streams|Protocols replace the event loop entirely|Transports are only used for file I/O, never networking",0,,transportsprotocols.wav,Key callbacks include connection_made() (fires when a connection is established) and data_received() (fires when bytes arrive).
653,68,true_false,exercise,652,A Protocol defines callbacks instead of using await/async def.,true,true,,,True. Protocols that predate modern async/await syntax typically rely on explicit callback functions to handle asynchronous events.
654,68,multiple_choice,exercise,652,What does a Transport represent in this low-level model?,Sends/receives bytes|High-level wrapper|Blocking socket|A file,0,,,"Full options: The mechanism for actually sending/receiving bytes (e.g. over a socket), which the loop manages and hands data to/from a Protocol; A high-level coroutine wrapper with no callbacks; A synchronous blocking socket; A file on disk."
655,68,select_blank,exercise,652,data_received() fires when bytes arrive on the ___.,transport|thread|queue|lock,0,,,"data_received() is specifically triggered by the underlying network transport layer when new bytes arrive, making 'transport' the correct answer."
656,68,type_answer,exercise,652,Which callback fires when a connection is established? (connection____),made,,,,The connection made callback fires when the handshake completes and a successful link to the remote peer has been established.
657,68,true_false,exercise,652,"Most asyncio code uses streams, not custom Protocol.",true,true,,,"This is true because using built-in stream abstractions handles complex details like framing and connection management, which is much simpler than writing a custom Protocol implementation every time."
658,68,multi_select,exercise,652,Which of these are true about transports and protocols?,Callback-based style|Underlies streams|Sends/reacts split|Required everywhere,0|1|2,,,"Full options: They use a callback-based style (connection_made, data_received, connection_lost), not await/async def; StreamReader/StreamWriter are built on top of this lower-level transport/protocol machinery; A Transport is what actually sends/receives bytes; a Protocol reacts to events on it; Every asyncio program is required to write its own custom Protocol subclass."
659,69,media_card,main,,What does create_subprocess_exec() do?,"Spawns an OS child process running 'ls -l' without blocking the event loop, letting you asynchronously read its stdout as it produces output|Runs the command synchronously and blocks until it finishes|Executes the command on a remote server|Only works for Python scripts, not arbitrary commands",0,,createsubprocessexec.wav,"It executes an external command in a separate OS process without freezing your main event loop, allowing you to read its output asynchronously as it runs. Options that imply blocking (like running synchronously) defeat the purpose of asyncio."
660,69,true_false,exercise,659,await proc.communicate() collects output without blocking the loop.,true,true,,,"This is true because using await makes the call non-blocking; while waiting for all output, the event loop can continue processing other tasks."
661,69,multiple_choice,exercise,659,Why prefer create_subprocess_exec() over subprocess.run()?,Non-blocking loop|Identical|Windows only|No capture,0,,,"Full options: It lets the event loop keep servicing other coroutines while the child process runs, instead of blocking the whole loop the way a synchronous subprocess call would; They behave identically in every way; create_subprocess_exec() is only for Windows; It doesn't support capturing output at all."
662,69,select_blank,exercise,659,"await asyncio.___('cmd',stdout=PIPE) spawns non-blocking.",create_subprocess_exec|open_connection|create_task|start_server,0,,,You need to use create_subprocess_exec because it is the dedicated method for spawning an external operating system process in a non-blocking manner. The other options are used for different networking tasks.
663,69,type_answer,exercise,659,Which function spawns a process from argv? (asyncio.create_subprocess____()),exec,,,,You must use `exec` because it is the specific function designed to execute a program given its path and command-line arguments (the argv list).
664,69,multi_select,exercise,659,Which of these are true about asyncio subprocesses?,Pipeable async|communicate() awaits|Blocks loop|Same blocking,0|1|2,,,Full options: stdout/stderr can be piped and read asynchronously via PIPE; proc.communicate() awaits completion while collecting output; Using a synchronous subprocess call inside a coroutine would block the whole event loop; create_subprocess_exec() blocks the event loop the same way subprocess.run() does.
665,70,media_card,main,,Why does 'requests' block the event loop?,"requests is a synchronous, blocking library with no awaitable API — using it inside a coroutine blocks the whole event loop just like any other blocking call; you need an async-native client like httpx or aiohttp instead|requests already works perfectly with await|requests automatically becomes async inside a coroutine|There's no difference at all",0,,asynchttpclient.wav,
666,70,true_false,exercise,665,httpx supports both sync and async clients.,true,true,cards/card_666.png,,"Yes, httpx is designed to be modern and flexible, offering dedicated APIs for both traditional blocking calls and async operations using `async`/`await` syntax."
667,70,multiple_choice,exercise,665,Common reason to choose aiohttp over httpx?,High-concurrency throughput|Only async|httpx unawaitable|Sync-only lib,0,,,"Full options: A fully async-only application needing maximum throughput at high concurrency, or low-level connector tuning/server features; aiohttp is the only one that supports async at all; httpx cannot be awaited under any circumstances; aiohttp is a synchronous-only library."
668,70,select_blank,exercise,665,async with httpx.___() as client: non-blocking request.,AsyncClient|Client|Session|Request,0,,,"Since you are using the asynchronous context manager (`async with`), you must instantiate the specialized `AsyncClient` class to ensure all subsequent requests within the block run non-blockingly."
669,70,multiple_choice,exercise,665,Which HTTP library is a modern default? (one word),httpx|requests|aiohttp|urllib3,0,,,httpx supports both sync and async APIs and is a common modern default for async Python projects; requests is sync-only and aiohttp is async-only.
670,70,multi_select,exercise,665,True about async HTTP clients in Python?,Offers both|Async-only choice|requests: sync-only|Auto-becomes async,0|1|2,,,"Full options: httpx offers both a synchronous and an asynchronous client in one library; aiohttp is async-only and tends to be favored for high-concurrency, fully-async server/client workloads; The classic 'requests' library provides no native async/await support; Any HTTP client automatically becomes non-blocking once used inside a coroutine."
671,71,media_card,main,,What does run_in_executor() do?,"Runs blocking_func in a background thread pool, letting the event loop keep servicing other coroutines while it waits for the result|Runs blocking_func directly on the event loop's own thread|Cancels blocking_func immediately|Runs blocking_func only after every other coroutine has finished",0,,runinexecutor.wav,"run_in_executor() moves blocking code off the main thread into a separate pool, ensuring your event loop remains responsive while it waits for that slow operation to finish."
672,71,true_false,exercise,671,Passing None uses run_in_executor()'s default ThreadPoolExecutor.,true,true,,,"Yes, if you call run_in_executor() without providing an explicit executor object, it automatically uses the default thread pool provided by the event loop."
673,71,multiple_choice,exercise,671,Why wrap a blocking function in run_in_executor()?,Avoids blocking|No reason|Runs faster|Auto-converts,0,,,"Full options: Calling it directly would block the entire event loop (recall deck 49's starvation); run_in_executor() moves it to a background thread so the loop stays responsive; There's no reason, it behaves identically either way; run_in_executor() makes the function run faster; It converts the function into a coroutine automatically without needing threads."
674,71,select_blank,exercise,671,"await loop.___(None,blocking_func) offloads to a thread pool.",run_in_executor|create_task|gather|shield,0,,,"The correct method is `run_in_executor`, which is specifically designed to take a blocking function and execute it safely in a separate thread pool, preventing the main loop from freezing."
675,71,type_answer,exercise,671,Which loop method offloads to a pool? (run_in_____),executor,,,,"It's `run_in_executor`, which is the specific utility method used by asyncio to safely move blocking code off the main thread and into a separate pool for execution."
676,71,multi_select,exercise,671,Which of these are true about loop.run_in_executor()?,Returns Future|Pool customizable|Older approach|Runs inline,0|1|2,,,"Full options: It returns an awaitable Future; You can pass a custom ProcessPoolExecutor for CPU-bound work instead of the default thread pool; It's the classic (pre-3.9) way to offload blocking code from a coroutine; It runs the blocking function directly on the event loop thread, same as calling it inline."
677,72,media_card,main,,to_thread() vs run_in_executor()?,"It's a simpler, higher-level convenience wrapper around run_in_executor() for the common case of just running a blocking function in the default thread pool|It runs the function on the event loop thread directly, same as calling it inline|It's completely unrelated to run_in_executor()|It only works with async functions, not synchronous ones",0,,asynciotothread.wav,asyncio.to_thread() was added in Python 3.9.
678,72,true_false,exercise,677,to_thread() (3.9+) simplifies offloading blocking calls.,true,true,cards/card_678.png,,"Exactly; it provides a clean, high-level wrapper that handles the complexity of submitting blocking code to an executor for you."
679,72,multiple_choice,exercise,677,Preferred for simple cases: to_thread() or run_in_executor()?,to_thread() simpler|Always run_in_executor()|Both removed|Never offload,0,,,"Full options: asyncio.to_thread() — simpler syntax for the common default-thread-pool case; run_in_executor() is still needed for custom executors (e.g. ProcessPoolExecutor); run_in_executor() always, to_thread() is deprecated; They were removed in favor of a third function; Neither, blocking calls should never be offloaded."
680,72,select_blank,exercise,677,"await asyncio.___(blocking_func,arg) is the modern offload way.",to_thread|create_task|gather|shield,0,,,"Using `await asyncio.to_thread()` is the modern standard because it simplifies running synchronous functions in a separate thread pool, ensuring your main event loop never blocks."
681,72,multiple_choice,exercise,677,Which Python version introduced asyncio.to_thread()? (3.__),3.9|3.7|3.8|3.11,0,,,asyncio.to_thread() was added in Python 3.9 as a friendlier shortcut over run_in_executor() for running blocking calls.
682,72,multi_select,exercise,677,Which of these are true about asyncio.to_thread()?,Since 3.9|Default pool|Wraps run_in_executor|Process option,0|1|2,,,"Full options: It was added in Python 3.9; It always uses the default thread pool, not a custom executor; It's essentially sugar over loop.run_in_executor(None, func, *args); It can offload work to a separate OS process instead of a thread."
683,73,media_card,main,,Why run a dedicated event-loop thread?,To let async I/O-bound work run continuously alongside a synchronous main program (e.g. a GUI app or sync framework) without rewriting the whole app as async|Because asyncio requires its own thread to function at all|Because the event loop must always run on the main thread|To make synchronous code run faster automatically,0,,dedicatedeventloopthread.wav,This is the key benefit: it lets you integrate asynchronous capabilities into a synchronous application (like a GUI) without forcing you to rewrite the entire codebase in async style.
684,73,true_false,exercise,683,A background thread's target commonly calls asyncio.run().,true,true,,,"When running an event loop inside a background thread, `asyncio.run()` is necessary because it initializes and manages the full lifecycle of that isolated asynchronous context."
685,73,multiple_choice,exercise,683,How do you safely schedule onto a background loop?,run_coroutine_threadsafe()|Re-call run()|Direct .send()|Can't interact,0,,,"Full options: Using asyncio.run_coroutine_threadsafe() (covered next deck), not by calling loop methods directly from another thread; By calling asyncio.run() again on the main thread pointed at the same loop; Directly calling coroutine.send() from the other thread; You cannot interact with it at all once started."
686,73,select_blank,exercise,683,Thread(target=lambda:asyncio.___(coro())).start() launches a loop.,run|create_task|gather|shield,0,,,"When you need to execute an asynchronous coroutine from a separate thread, you must use asyncio.run() because it handles setting up and tearing down the entire event loop context needed for execution."
687,73,multiple_choice,exercise,683,Which module provides the Thread class? (one word),threading|asyncio|multiprocessing|concurrent.futures,0,,,"A dedicated event loop for a background thread is typically hosted using a plain threading.Thread, with the loop created and run inside it."
688,73,multi_select,exercise,683,True about dedicated event-loop threads?,Sync/async coexistence|Cross-thread unsafe|Threadsafe submission|Main-thread-only,0|1|2,,,Full options: They let async code coexist with an otherwise synchronous application (e.g. GUI frameworks); Directly calling loop methods from a different thread without thread-safe scheduling is unsafe; asyncio.run_coroutine_threadsafe() is the safe way to submit work to such a loop from another thread; An event loop can only ever run on the process's main thread.
689,74,media_card,main,,Simplest way to call async from sync code?,"asyncio.run(my_coroutine()) — creates a fresh event loop, runs the coroutine to completion, and cleans up, all from synchronous code|Just call my_coroutine() directly like a normal function|You cannot call async code from sync code under any circumstances|Import it as a C extension",0,,synctoasyncbridge.wav,"asyncio.run() is specifically designed for this scenario because it manages the entire lifecycle—creating a loop, running the coroutine, and safely closing the loop—all from synchronous code."
690,74,true_false,exercise,689,asyncio.run() can't be called from inside a running loop.,true,true,cards/card_690.png,,"Since asyncio.run() handles creating and managing the entire event loop context, calling it while one is already running will cause conflicts because you are trying to initialize resources that are already in use."
691,74,multiple_choice,exercise,689,Common bridging challenge integrating async into sync frameworks?,Needs bridging|No difficulty|Never callable|Full rewrite,0,,,"Full options: You often need a dedicated event loop thread or asyncio.run() at the boundary, since you can't simply 'await' inside a function that was never declared async; There's never any difficulty, sync and async functions are fully interchangeable; Async code cannot ever be called from a synchronous framework; You must rewrite the entire framework as async first."
692,74,select_blank,exercise,689,def sync_entry():return asyncio.___(async_work()),run|create_task|to_thread|gather,0,,,"When defining a synchronous entry point that needs to execute an asynchronous task, you must use asyncio.run() to properly initialize and manage the event loop for the duration of the call."
693,74,type_answer,exercise,689,Which function bridges sync code to async? (asyncio.___()),run,,,,"The function that bridges synchronous code to asynchronous execution is asyncio.run(), which handles the setup and teardown of the event loop for you."
694,74,multi_select,exercise,689,True about bridging sync code into async?,Entry-point only|No-op call|Custom bridges|Freely awaitable,0|1|2,,,"Full options: asyncio.run() is appropriate at a synchronous entry point, not from inside a running loop; Calling a coroutine function directly (without await/run/create_task) just returns a coroutine object, doing nothing; Some frameworks provide their own async-bridging utilities beyond plain asyncio.run(); Every synchronous function can use 'await' directly with no special handling."
695,75,media_card,main,,What problem does run_coroutine_threadsafe() solve?,It safely schedules a coroutine onto an event loop that's running on a DIFFERENT thread than the caller — plain create_task()/loop calls aren't safe to call cross-thread|It runs a coroutine faster than normal|It converts a coroutine into a synchronous function|It only works when called from the same thread the loop is running on,0,,runcoroutinethreadsafe.wav,"It returns a concurrent.futures.Future (not an asyncio.Future), since the caller lives on a different thread than the loop."
696,75,true_false,exercise,695,"run_coroutine_threadsafe() returns a concurrent.futures.Future, not an asyncio.Future.",true,true,,,"The caller is on a different, synchronous thread and needs a thread-safe way to eventually get the result."
697,75,multiple_choice,exercise,695,When do you need run_coroutine_threadsafe() over create_task()?,Cross-thread submission|Same-thread scenario|No loop|CPU-bound code,0,,,"Full options: When you're on a different thread than the one running the target event loop (e.g. the dedicated event loop thread from deck 73) and need to submit work to it safely; When you're already inside the same running event loop, on the same thread; When there's no event loop running anywhere; When you want to run purely CPU-bound code."
698,75,select_blank,exercise,695,"asyncio.___(coro(),loop) safely schedules cross-thread.",run_coroutine_threadsafe|create_task|to_thread|gather,0,,,"run_coroutine_threadsafe() is specifically designed to safely schedule a coroutine from an external thread into an existing asyncio event loop, which other methods cannot do reliably."
699,75,multiple_choice,exercise,695,What module's Future does run_coroutine_threadsafe() return?,concurrent.futures|asyncio|threading|multiprocessing,0,,,"run_coroutine_threadsafe() returns a concurrent.futures.Future — the thread-safe kind, not an asyncio.Future — so other threads can safely call result() on it."
700,75,multi_select,exercise,695,Which of these are true about asyncio.run_coroutine_threadsafe()?,Safe submission|Blockable Future|Not thread-safe|Loop required|Loop optional,0|1|2|3,,,"Full options: It's the safe way to submit coroutines to a loop running on a different thread; It returns a concurrent.futures.Future, whose .result() can be called (with blocking) from the calling thread; Calling loop.create_task() directly from a foreign thread is not thread-safe; It requires the target loop to already be running. ""Loop optional"" is false — a target loop must already be running."
701,76,media_card,main,,What problem does the producer-consumer pattern solve?,"It decouples work generation (producers) from work processing (consumers) via a shared queue, so each side can run/scale at its own pace instead of being tightly coupled|It forces producers and consumers to run at exactly the same speed always|It eliminates the need for any queue|It only works with exactly one producer and one consumer",0,,producerconsumerpattern.wav,"The pattern solves coupling by using a shared queue, allowing producers and consumers to operate independently at their optimal rates. This is much better than forcing them to run synchronously together."
702,76,true_false,exercise,701,Producers and consumers can scale independently via the queue.,true,true,,,
703,76,multiple_choice,exercise,701,What role does the queue play in this pattern?,Absorbs bursts|No role|Just logging|Replaces threads,0,,,"Full options: A buffer that absorbs bursts and smooths out speed differences between producers and consumers; It has no role, producers call consumers directly; It's only used for error logging; It replaces the need for any threads or processes."
704,76,select_blank,exercise,701,Producers put items on a shared ___.,queue|lock|event|semaphore,0,,,"Producers place work items into a shared queue; locks and semaphores are mechanisms that control *who* can access the queue, not the data itself."
705,76,multiple_choice,exercise,701,Name for this decoupled queue pattern? (producer-___),producer-consumer|publisher-subscriber|request-response|client-server,0,,,"Producer-consumer describes this pattern where one side produces items onto a queue and another side consumes them, decoupled from each other's pace."
706,76,multi_select,exercise,701,Which of these are true about the producer-consumer pattern?,Buffers bursts|Scale independently|Direct coupling|Decouples timing,0|1|3,,,Full options: It improves system stability by absorbing bursts of work in the queue; The number of producers and consumers can differ and scale independently; It requires producers and consumers to call each other's functions directly; A queue decouples the timing/pace of producers from consumers.
707,77,media_card,main,,"How do queue.Queue, multiprocessing.Queue, and asyncio.Queue differ?","queue.Queue is for coordinating THREADS within one process; multiprocessing.Queue is for communicating between SEPARATE processes; asyncio.Queue is the awaitable, coroutine-friendly version for a single event loop|They're all exactly the same class under different names|multiprocessing.Queue works between threads only, never processes|asyncio.Queue can be shared safely across separate OS processes",0,,queueimplementationselection.wav,"Think of it this way: `queue` is for threads in one process, `multiprocessing` handles separate OS processes, and `asyncio` is built specifically for non-blocking coroutines within a single event loop."
708,77,true_false,exercise,707,queue.Queue can't pass data between separate processes.,true,true,cards/card_708.png,,"Processes don't share memory the way threads do, so queue.Queue's in-memory structure isn't visible across processes."
709,77,multiple_choice,exercise,707,Which queue fits a coroutine-based pipeline?,asyncio.Queue|queue.Queue|multiprocessing.Queue|None compatible,0,,,Full options: asyncio.Queue — its get()/put() are awaitable and non-blocking to the event loop; queue.Queue — it works fine unmodified inside coroutines; multiprocessing.Queue — always the safest universal choice; None of them; queues aren't compatible with asyncio.
710,77,select_blank,exercise,707,"Between separate processes, you need ___.Queue.",multiprocessing|asyncio|threading|collections,0,,,"When you are communicating between entirely separate operating system processes, you must use the specialized tools provided by the multiprocessing module."
711,77,multiple_choice,exercise,707,Which module coordinates threads in one process? (one word),queue|multiprocessing|asyncio|collections,0,,,"The queue module's Queue class is specifically built for thread-safe coordination within one process, unlike multiprocessing's process-safe queue."
712,77,multi_select,exercise,707,Which of these are true?,Thread-safe only|Handles serialization|Uniquely awaitable|Identical implementations,0|1|2,,,"Full options: queue.Queue is thread-safe but not usable across separate processes; multiprocessing.Queue handles the serialization needed to cross process boundaries; asyncio.Queue's methods are awaitable, unlike the other two; All three queue classes share byte-for-byte identical implementations."
713,78,media_card,main,,What do task_done() and join() do together?,Each consumer calls task_done() after finishing an item; join() blocks the producer/main thread until every put() item has had a matching task_done() call — i.e. until all queued work is truly finished|task_done() adds a new item; join() removes one|They have nothing to do with tracking completion at all|join() cancels all pending work immediately,0,,taskdonejoin.wav,"Together, they manage the lifecycle of work: consumers signal completion with task_done(), and join() waits until every item put() into the queue has been accounted for by a matching call."
714,78,true_false,exercise,713,Skipping task_done() makes join() block forever.,true,true,cards/card_714.png,,"This is true because `join()` counts items based on how many times `task_done()` is called; if you skip it, the count never decreases, causing join() to wait indefinitely."
715,78,multiple_choice,exercise,713,Why is join() useful when the queue looks empty?,Not finished|Same check|Not useful|Pre-add only,0,,,"Full options: An item can be removed via get() but still be actively being PROCESSED by a worker — 'empty' doesn't mean 'finished'; join() waits for task_done() confirmation instead; join() is identical to checking queue.empty(); It isn't useful, checking .empty() is always sufficient; join() only works before any items are added."
716,78,select_blank,exercise,713,queue.get();...;queue.___() signals item completion.,task_done|put|join|clear,0,,,You must call task_done() after processing an item to signal that the work associated with queue.get() has been finished and can be counted towards completion.
717,78,multiple_choice,exercise,713,Which method blocks until every item is done?,join|wait|task_done|flush,0,,,Queue.join() blocks until every item that's been put on the queue has also been marked done via task_done().
718,78,multi_select,exercise,713,Which of these are true about task_done()/join()?,One-to-one pairing|Zero-count block|Over-calling errors|Same meaning,0|1|2,,,Full options: Each get() should be paired with exactly one task_done() call once that item's work finishes; join() blocks until the internal unfinished-tasks count reaches zero; Calling task_done() more times than items retrieved raises an error; 'Empty queue' and 'all work finished' are guaranteed to always mean the same thing.
719,79,media_card,main,,What's a 'poison pill' here?,"A special sentinel value (e.g. None, or a unique object) put on the queue specifically to tell a worker 'there's no more real work — stop and exit cleanly'|A literal error that crashes the worker|A duplicate of a real work item|A value that speeds up processing",0,,poisonpillsentinel.wav,A poison pill is a special marker value—like None—that you intentionally put on the queue so that workers know when to stop processing and exit cleanly.
720,79,true_false,exercise,719,Multiple workers typically need one poison pill each.,true,true,,,
721,79,multiple_choice,exercise,719,Why is a poison pill cleaner than abrupt killing?,Clean exit|Not cleaner|Removes cleanup|Auto-restarts,0,,,"Full options: Workers see it through the normal queue-processing loop and can exit after finishing any in-progress work and doing cleanup, rather than being interrupted mid-task; It's not cleaner, killing workers directly is always safer; Poison pills prevent workers from ever needing cleanup logic; It makes workers restart automatically forever."
722,79,select_blank,exercise,719,if item is ___:break checks the sentinel.,None|True|0|'',0,,,
723,79,multiple_choice,exercise,719,Informal name for a stop-sentinel value? (poison ___),poison pill|stop token|kill switch|end marker,0,,,A 'poison pill' is the informal name for a special sentinel value put on a queue to signal a worker that it should stop.
724,79,multi_select,exercise,719,True about poison pills and sentinels?,Same queue|Loop-checked|All receive|Immediate kill,0|1|2,,,"Full options: They're placed on the same queue as real work items; A worker's loop checks for the sentinel value to know when to stop; With N workers, you generally need to ensure all N eventually receive a stop signal; They immediately kill the worker process with no chance to finish current work."
725,80,media_card,main,,What happens calling put() at maxsize?,"The producer blocks (or, in asyncio, suspends) until a consumer removes an item and frees up space — this is 'backpressure', preventing unbounded memory growth|The item is silently dropped|The queue automatically grows past maxsize to fit it|It raises an unrecoverable crash immediately",0,,boundedqueuebackpressure.wav,
726,80,true_false,exercise,725,An unbounded queue risks memory if producers outpace consumers.,true,true,,,
727,80,multiple_choice,exercise,725,Benefit of maxsize when producers outpace consumers?,Throttles producers|Speeds consumers|No effect|Never wait,0,,,"Full options: It naturally throttles/slows the producers down to match consumer throughput, instead of letting memory usage grow without limit; It makes consumers process items faster automatically; It has no practical effect either way; It guarantees producers never have to wait."
728,80,select_blank,exercise,725,queue.Queue(___=100) bounds the queue at 100.,maxsize|minsize|limit|cap,0,,,
729,80,multiple_choice,exercise,725,Term for a slowed-down producer? (one word),backpressure|throttling|congestion|bottleneck,0,,,Backpressure describes a fast producer being slowed down because a downstream buffer or queue is full and can't accept more yet.
730,80,multi_select,exercise,725,True about bounded queues and backpressure?,All three|Growth risk|Throttles producers|Never wait,0|1|2,,,"Full options: Setting maxsize is available on queue.Queue, multiprocessing.Queue, and asyncio.Queue alike; An unbounded queue can lead to uncontrolled memory growth under sustained producer/consumer speed mismatch; Backpressure naturally throttles producers to roughly match consumer speed; A bounded queue guarantees producers never have to wait at all."
731,81,media_card,main,,Deadlock vs race-condition symptoms?,"A deadlock shows as threads/processes completely frozen forever (recall deck 14); a race condition shows as intermittent, non-deterministic WRONG results while everything keeps running|Both look identical in production, impossible to tell apart|A race condition always crashes the program instantly|A deadlock always corrupts data silently",0,,deadlockvsrace.wav,
732,81,true_false,exercise,731,Race conditions are hard to reproduce due to timing.,true,true,,,
733,81,multiple_choice,exercise,731,First diagnostic step for a suspected deadlock?,Thread dump|Restart immediately|Assume race|Delete logs,0,,,Full options: Capture a thread/stack dump to see exactly which threads are blocked waiting on which locks; Restart the process immediately with no investigation; Assume it's a race condition instead; Delete the log files.
734,81,select_blank,exercise,731,"A ___ is threads frozen forever, each waiting.",deadlock|race condition|memory leak|starvation,0,,,
735,81,multiple_choice,exercise,731,Term for output unpredictable by timing? (___ condition),race condition|deadlock|starvation|livelock,0,,,A race condition produces unpredictable output because the result depends on the exact timing/interleaving of concurrent operations.
736,81,multi_select,exercise,731,True about diagnosing deadlocks vs race conditions?,Stopped progress|Occasionally wrong|Dump helps|Always reproducible,0|1|2,,,Full options: Deadlocks manifest as processes/threads that stop making progress entirely; Race conditions can produce correct results most of the time and wrong results only occasionally; A thread/stack dump is a useful tool for diagnosing a hung deadlocked process; Race conditions are always trivially reproducible on demand.
737,81,media_card,main,,What are starvation and concurrency memory leaks?,"Starvation is a thread perpetually denied CPU time or a resource (e.g. always losing a lock to higher-priority threads); a concurrency memory leak is objects (like unfinished Futures or unconsumed queue items) piling up faster than they're released, exhausting RAM over time|They are the exact same bug with different names|Starvation means a thread runs too fast; memory leaks only happen in single-threaded code|Both only occur in multiprocessing, never in threading or asyncio",0,,starvationmemoryleak.wav,
738,81,true_false,exercise,737,Unbounded queues with fast producers cause memory leaks.,true,true,,,
739,81,multiple_choice,exercise,737,Realistic cause of thread starvation?,Undersized pool|Always equal|Single-thread only|Wrong lock,0,,,"Full options: A thread pool that's too small for the workload, so some tasks wait indefinitely behind a backlog of higher-priority or longer-running ones; Every thread always gets equal, guaranteed CPU time under any scheduler; Starvation can only happen with exactly one thread running; Using asyncio.Lock instead of threading.Lock."
740,81,select_blank,exercise,737,A thread denied resources forever is experiencing ___.,starvation|deadlock|race condition|backpressure,0,,,
741,81,multiple_choice,exercise,737,Term for gradually accumulating unreleased memory? (memory ___),memory leak|memory fragmentation|stack overflow|buffer overrun,0,,,A memory leak is the gradual accumulation of objects/memory that never gets released over a long-running program's life.
742,81,multi_select,exercise,737,True about starvation and memory leaks?,Undersized pool|Mismatch cause|Uncollected Futures|Instant crash,0|1|2,,,"Full options: An undersized worker pool relative to workload is a common starvation cause; Unbounded queues with a producer/consumer speed mismatch (deck 80) are a common memory-leak cause; Forgetting to await/consume completed Futures can also contribute to a memory leak over a long-running process; Both bugs always crash the program instantly, with no gradual buildup."
743,82,media_card,main,,Why is profiling concurrent code harder?,"Standard profilers like cProfile were designed around one call stack; concurrent execution has multiple interleaved stacks (or separate processes), so measuring 'where the time actually went' needs concurrency-aware tools|There's no difference at all, cProfile works identically for everything|Concurrent code is always faster, so profiling isn't needed|Profiling only works on synchronous code and can never be applied to threads",0,,profilingconcurrentcode.wav,
744,82,true_false,exercise,743,"cProfile only profiles its own thread, missing others.",true,true,cards/card_744.png,,"Getting a complete, correct picture across threads requires extra care, like per-thread profiling."
745,82,multiple_choice,exercise,743,Distinguishing profiling challenge for multiprocessing?,Per-process profiling|Can't profile|No difference|Async rewrite,0,,,"Full options: Each process has its own separate memory and profiler state — you generally need to profile each process independently and then aggregate the results yourself; Multiprocessing code can't be profiled under any circumstances; It's identical to threading, no extra challenge exists; Profiling a process pool always requires rewriting the code as async first."
746,82,select_blank,exercise,743,A naive main-thread profiler misses ___ threads.,worker|the only|zero|external,0,,,"A naive profiler only tracks the thread it's running on, so it completely misses any activity or resource usage happening in separate worker threads."
747,82,multiple_choice,exercise,743,Which module provides deterministic function profiling? (c___),cProfile|profile|timeit|trace,0,,,"cProfile is the standard library's C-implemented deterministic profiler, usable (with care around threads/processes) on concurrent code."
748,82,multi_select,exercise,743,True about profiling concurrent code?,Per-thread aware|Profiled independently|Own aids|Auto-captures everything,0|1|2,,,"Full options: Threads sharing one process need per-thread-aware profiling setup to get a full picture; Separate processes generally need to be profiled independently, one per process; Async/event-loop code has its own dedicated debugging aids (covered next deck) distinct from thread/process profiling; A single call to cProfile.run() automatically captures every thread and process with no extra setup."
749,83,media_card,main,,What does asyncio debug mode help catch?,"Common async bugs like never-awaited coroutines, callbacks that run too long and risk blocking the loop, and other subtle mistakes — with extra runtime checks and warnings that are normally skipped for performance|It makes the program run faster|It's required for every asyncio program to function at all|It automatically fixes every async bug it finds",0,,asynciodebugmode.wav,"Debug mode adds rigorous runtime checks that catch common pitfalls, such as forgetting to await a coroutine or having long-running callbacks that could block the event loop."
750,83,true_false,exercise,749,"Debug mode's runtime checks add cost, so avoid production.",true,true,cards/card_750.png,,"Because debug mode adds extensive runtime validation and checking for safety, it introduces measurable performance overhead that should be removed before deploying to a production environment."
751,83,multiple_choice,exercise,749,What does debug mode do about slow callbacks?,Warns you|Kills it|Auto-moves it|Nothing different,0,,,"Full options: It logs a warning identifying the slow callback, helping you find event-loop-starvation bugs; It silently kills the slow callback; It automatically moves it to a thread pool; It does nothing different from normal mode."
752,83,select_blank,exercise,749,"asyncio.run(main(),___=True) enables extra checks.",debug|verbose|strict|safe,0,,,"Setting `debug=True` explicitly tells the event loop to activate all those helpful, but performance-slowing, runtime checks that catch common async bugs."
753,83,type_answer,exercise,749,Which env var enables asyncio debug mode? (PYTHONASYNCIO____),DEBUG,,,,"The environment variable is PYTHONASYNCIODEBUG, which tells asyncio to run in a debug mode that helps catch common programming errors."
754,83,true_false,exercise,749,"Debug mode is for dev/testing, not required to run.",true,true,,,"That's correct; debug mode adds significant runtime overhead because it constantly monitors code, so you only need to enable it when actively developing or testing."
755,83,multi_select,exercise,749,Which of these are true about asyncio debug mode?,Un-awaited detection|Slow-callback warnings|Costs performance|Auto-fixes bugs,0|1|2,,,"Full options: It can help surface a coroutine that was created but never awaited; It can log a warning about unusually slow callbacks; It adds extra runtime checks that carry a performance cost; It automatically fixes every async bug it detects, with no code changes needed."
756,84,media_card,main,,Why intercept SIGINT/SIGTERM instead of default kill?,"To run cleanup logic first — like signaling worker threads/processes to stop via a poison pill (deck 79), waiting for in-flight work to finish, and closing resources — instead of an abrupt, potentially data-corrupting kill|Signals can't be intercepted in Python at all|To make the program ignore all shutdown requests forever|To speed up the program's normal execution",0,,signalhandling.wav,"Intercepting these signals allows your application to perform necessary cleanup—like closing database connections or signaling worker threads—before exiting, preventing data corruption."
757,84,true_false,exercise,756,signal.signal() registers a custom SIGINT/SIGTERM handler.,true,true,,,"Your handler runs instead of the default immediate-exit behavior, so you can clean up first."
758,84,multiple_choice,exercise,756,Typical graceful-shutdown sequence on SIGTERM?,"Pills, join|os._exit() abruptly|Ignore signal|Orphan workers",0,,,"Full options: Stop accepting new work, put poison pills on the queue for each worker, join() the workers, then exit; Immediately os._exit() with no cleanup; Ignore the signal entirely and keep running forever; Kill only the main thread, leaving workers running orphaned."
759,84,select_blank,exercise,756,"signal.signal(signal.___,handler) is for Ctrl+C.",SIGINT|SIGKILL|SIGSTOP|SIGCONT,0,,,"Correct, because `SIGINT` is the specific signal sent by pressing Ctrl+C; signals like SIGKILL cannot be caught or handled by user code."
760,84,type_answer,exercise,756,Which signal politely asks a process to stop? (SIG___),TERM,,,,"SIGTERM is the standard signal used to politely request a process to shut down, giving it time to clean up its resources. In contrast, SIGKILL forces immediate termination and cannot be caught or handled by the program."
761,84,multi_select,exercise,756,True about signal handling for teardown?,Registers handler|Polite request|Intake-then-drain|asyncio-only handling,0|1|2,,,"Full options: signal.signal() registers a custom handler for a given OS signal; SIGTERM is a common 'please shut down cleanly' request from process managers; Graceful teardown typically involves stopping new work intake before waiting on in-flight work; Signals can only be handled inside asyncio programs, never in plain threaded/multiprocessing code."
762,84,media_card,main,,Why does asyncio need its own signal handling?,"A plain signal handler interrupts execution unpredictably and isn't coroutine-aware; loop.add_signal_handler() schedules the handler to run safely on the event loop itself, so it can safely trigger async cleanup (e.g. cancelling tasks)|They behave identically, no difference at all|asyncio programs cannot be interrupted by signals under any circumstances|loop.add_signal_handler() disables Ctrl+C entirely",0,,asynciosignalhandler.wav,"Standard signal handlers interrupt execution unpredictably, which can break coroutines; using loop.add_signal_handler() ensures that cleanup logic is scheduled to run safely within the event loop itself."
763,84,true_false,exercise,762,add_signal_handler() lets the callback safely use the loop.,true,true,,,That includes things like cancelling running tasks — something a raw signal.signal() handler generally can't do safely.
764,84,multiple_choice,exercise,762,What might an asyncio program's SIGTERM handler typically do?,Cancel tasks|os._exit() abruptly|Can't respond|Restart loop,0,,,"Full options: Cancel all running tasks (or trigger a TaskGroup-based shutdown, deck 57) and let asyncio.run() exit cleanly; Immediately terminate the Python interpreter with os._exit(); Nothing — asyncio programs can't respond to signals; Restart the event loop from scratch."
765,84,select_blank,exercise,762,"loop.___(signal.SIGTERM,callback) registers an async-safe handler.",add_signal_handler|create_task|run_forever|shield,0,,,"The add_signal_handler method is specifically designed to register a signal handler in a way that respects and integrates with asyncio's event loop structure, making it async-safe."
766,84,type_answer,exercise,762,Which loop method registers an async-safe handler? (loop.add_signal_______()),handler,,,,The full name for the method used to register an asynchronous-safe signal handler is add_signal_handler.
767,84,multi_select,exercise,762,True about asyncio signal handling?,Async-aware alternative|Cancels tasks|Unix-only mostly|Never force-killed,0|1|2,,,Full options: loop.add_signal_handler() is the async-aware alternative to the plain signal module inside a running loop; It's commonly used to trigger cancellation of running tasks on shutdown; It's only available on Unix-like platforms in standard asyncio (Windows has different limitations); It guarantees the program can never be forcibly killed by the OS afterward.
768,85,media_card,main,,First question when choosing a concurrency model?,Is the workload I/O-bound (waiting on network/disk/other processes) or CPU-bound (heavy computation)? — this single distinction from deck 2 determines almost everything else|How many lines of code does the project have?|What programming language was used to write the libraries?|Which model is most popular on social media?,0,,concurrencydecisiontree.wav,
769,85,true_false,exercise,768,"CPU-bound parallelism needs multiprocessing, not just threading.",true,true,,,A free-threaded build (see Circumventing & Modern Evolution of the GIL) is the other option that avoids this limit.
770,85,multiple_choice,exercise,768,Which model scales best for thousands of I/O ops?,asyncio: cheapest|Per-connection process|Per-connection thread|None scale,0,,,"Full options: asyncio — its single-loop, cooperative model handles huge numbers of waiting operations far more cheaply than one OS thread per operation; multiprocessing — spawn one process per connection; threading — spawn one OS thread per connection, no matter how many; None of them scale to that many concurrent operations."
771,85,select_blank,exercise,768,Small blocking-only I/O workload often uses ___.,threading|multiprocessing (alone)|Sequential only|New language,0,,,Threading is usually sufficient for I/O-bound tasks because the Global Interpreter Lock (GIL) releases when threads wait for external resources. Using multiprocessing would introduce unnecessary overhead for simple blocking I/O.
772,85,multiple_choice,exercise,768,First decision-tree question: I/O-bound or ___-bound?,CPU|memory|network|disk,0,,,The first branch in the decision tree is whether a workload is I/O-bound or CPU-bound — that split determines whether asyncio/threading or multiprocessing fits best.
773,85,multi_select,exercise,768,Reasonable defaults from the decision tree?,CPU-bound: multiprocessing|I/O-bound: asyncio|I/O-bound: threading|Also asyncio,0|1|2,,,Full picture: CPU-bound + need true parallelism -> multiprocessing (or a free-threaded build). I/O-bound + many thousands of concurrent ops + async-friendly libraries -> asyncio. I/O-bound + a handful of ops + only sync/blocking libraries -> threading. CPU-bound work does NOT benefit from asyncio's event loop the way I/O-bound work does — that's the false option.
774,6,code_fill,exercise,72,Complete: create a thread targeting worker.,"t = threading.___(target=worker)
t.start()|Thread",0,,,
775,12,code_fill,exercise,146,Complete: safely acquire and release the lock.,"lock = threading.Lock()
___ lock:
    counter += 1|with",0,,,
776,46,code_fill,exercise,484,Complete the function definition so it becomes a coroutine.,"___ def fetch_data():
    ...|async",0,,,"To make a function an asynchronous routine that can use 'await', you must prefix its definition with 'async'. This signals to Python that the function is a coroutine."
777,46,code_fill,exercise,490,Complete the line that suspends execution until fetch_data() resolves.,result = ___ fetch_data()|await,0,,,You must place 'await' before calling fetch_data() because it explicitly tells the runtime to pause execution right there until the asynchronous operation completes and returns a value.
778,51,code_fill,exercise,526,Complete: schedule coro() as a background task.,task = asyncio.___(coro())|create_task,0,,,"You must use task = asyncio.create_task(coro()) to ensure the coroutine starts running immediately and independently in the background, allowing your program to continue executing without waiting for it."
779,61,code_fill,exercise,592,Complete the async context manager usage for asyncio.Lock.,"lock = asyncio.Lock()
async ___ lock:
    ...|with",0,,,"The correct syntax for an async context manager is using 'async with', which ensures the lock is acquired and properly released even if errors occur within the block."
780,64,code_fill,exercise,616,Complete the line that creates an asyncio queue.,"q = asyncio.___()
await q.put(item)|Queue",0,,,"To create a standard asynchronous queue, you must call the `Queue` class from the `asyncio` module. This initializes the structure that will manage concurrent data exchange."
781,6,command_output,exercise,72,What does this print?,"import threading

def say_done():
    print(""done"")

t = threading.Thread(target=say_done)
t.start()
t.join()
print(""main"")|done
main",0,,,
782,46,command_output,exercise,484,What does this print?,"import asyncio

async def main():
    print(1)
    await asyncio.sleep(0)
    print(2)

asyncio.run(main())|1
2",0,,,"When you hit `await`, the coroutine pauses and yields control back to the event loop, allowing the print statement (1) to execute first. The program only resumes after the zero-second sleep is over, thus printing 2."
783,51,command_output,exercise,526,What does this print?,"import asyncio

async def say(msg):
    print(msg)

async def main():
    task = asyncio.create_task(say(""hi""))
    await task

asyncio.run(main())|hi",0,,,
1783,1,true_false,preview,1,Concurrency lets multiple tasks make progress together.,,true,cards/card_1783.png,,
1784,1,true_false,preview,8,Concurrency is about structure; parallelism means simultaneous execution.,,true,cards/card_1784.png,,
1785,1,true_false,preview,15,asyncio uses one thread with cooperative switching.,,true,cards/card_1785.png,,
1786,2,true_false,preview,22,I/O-bound tasks wait on things like network or disk.,,true,cards/card_1786.png,,
1787,2,true_false,preview,28,CPU-bound tasks are limited by raw computation.,,true,cards/card_1787.png,,
1788,3,true_false,preview,35,The GIL lets only one thread run bytecode.,,true,cards/card_1788.png,,That's right; the Global Interpreter Lock ensures that only one thread can execute Python bytecode at any given moment. This is a fundamental limitation of CPython.
1789,3,true_false,preview,41,CPython uses a GIL for simple memory management.,,true,cards/card_1789.png,,"While it does help manage resources and prevent race conditions, the GIL's primary function is to ensure that only one thread executes Python bytecode at a time. It’s about concurrency control, not just memory safety."
1790,4,true_false,preview,47,A waiting thread releases the GIL for others.,,true,cards/card_1790.png,,"When a Python thread is blocked—for example, waiting for I/O or acquiring a lock—it voluntarily releases the GIL so that other runnable threads can execute."
1791,4,select_blank,preview,53,Complete: Python forces GIL handoffs via the switch ___.,interval|button|thread|lock,0,cards/card_1791.png,,The system uses a configurable time interval to manage when and how often the Global Interpreter Lock switches between different threads.
1792,5,true_false,preview,59,multiprocessing achieves true CPU parallelism in Python.,,true,cards/card_1792.png,,"True, because multiprocessing bypasses the Global Interpreter Lock (GIL) by creating entirely separate operating system processes, allowing different parts of your code to run simultaneously on multiple CPU cores."
1793,5,true_false,preview,65,Free-threaded Python can run without the GIL.,,true,cards/card_1793.png,,"Yes, free-threading removes the Global Interpreter Lock (GIL), which is a major architectural change that allows Python to achieve true parallel execution across multiple CPU cores."
1794,6,select_blank,preview,72,Complete: creating a Thread needs calling ___().,start|run|go|init,0,cards/card_1794.png,,
1795,6,true_false,preview,79,.is_alive() checks whether a thread is still running.,,true,cards/card_1795.png,,
1796,7,true_false,preview,85,.join() blocks until that thread finishes.,,true,cards/card_1796.png,,
1797,7,true_false,preview,91,"Start every thread first, then join them all.",,true,cards/card_1797.png,,"Yes, this is the standard pattern: you initiate all background tasks first by calling .start(), and then you use .join() to block execution until they have completed their work."
1798,8,true_false,preview,97,A daemon thread dies when the main program exits.,,true,cards/card_1798.png,,"Yes, daemon threads are designed to be disposable; they automatically terminate when all non-daemon (user) threads finish their work."
1799,8,true_false,preview,104,The main thread runs your script's top-level code.,,true,cards/card_1799.png,,"Correct, the main thread is responsible for executing the initial setup and all the top-level code you write when running a script."
1800,9,select_blank,preview,110,Complete: ___ returns the thread running this code.,threading.current_thread()|threading.active_count()|threading.main_thread()|threading.local(),0,cards/card_1800.png,,
1801,9,select_blank,preview,116,Complete: ___ returns how many threads are alive.,threading.active_count()|threading.current_thread()|threading.local()|threading.Timer(),0,cards/card_1801.png,,
1802,10,true_false,preview,122,Thread.start() can't directly return a value.,,true,cards/card_1802.png,,
1803,10,true_false,preview,128,An uncaught thread exception doesn't crash the main thread.,,true,cards/card_1803.png,,
1804,11,true_false,preview,134,A race condition depends on unpredictable thread timing.,,true,cards/card_1804.png,,"That is correct; race conditions are fundamentally timing-dependent bugs that occur when the sequence of operations from multiple threads interleaves in an unpredictable way, leading to data corruption."
1805,11,true_false,preview,140,A critical section can't run on two threads simultaneously.,,true,cards/card_1805.png,,"This is the definition of a critical section: it must enforce mutual exclusion, guaranteeing that only one thread can execute that specific block of code at any given moment."
1806,12,true_false,preview,146,threading.Lock() lets only one thread hold it.,,true,cards/card_1806.png,,
1807,12,true_false,preview,152,'with lock:' releases the lock even after an error.,,true,cards/card_1807.png,,"The `with` statement acts as a context manager, guaranteeing that cleanup actions—like releasing the lock—will run even if an exception occurs within the block."
1808,13,true_false,preview,158,RLock lets the same thread reacquire it safely.,,true,cards/card_1808.png,,"This is exactly what an RLock provides; it tracks ownership so that if the same thread tries to reacquire the lock, it won't block itself and will proceed safely."
1809,14,true_false,preview,164,A deadlock is threads stuck waiting on each other.,,true,cards/card_1809.png,,
1810,14,true_false,preview,170,Acquire multiple locks in the same order always.,,true,cards/card_1810.png,,
1811,15,true_false,preview,176,An atomic operation can't be observed half-done.,,true,cards/card_1811.png,,
1812,15,true_false,preview,182,counter += 1 is actually three separate steps.,,true,cards/card_1812.png,,
1813,16,true_false,preview,188,threading.Event is a flag threads can wait on.,,true,cards/card_1813.png,,"That's right. The threading.Event object is designed precisely to act as a simple, shared boolean flag that multiple threads can monitor and wait for changes on."
1814,17,true_false,preview,195,threading.Condition lets a thread wait for a condition.,,true,cards/card_1814.png,,
1815,17,true_false,preview,201,notify() wakes only one waiting thread.,,true,cards/card_1815.png,,
1816,18,true_false,preview,208,A Semaphore limits how many threads access a resource.,,true,cards/card_1816.png,,"That's exactly right; semaphores are synchronization primitives used to control concurrent access, ensuring only a specific number of threads use a shared resource simultaneously."
1817,18,true_false,preview,214,"BoundedSemaphore catches an extra, unmatched release() call.",,true,cards/card_1817.png,,"Yes, it's designed to catch that error; if you try to release a semaphore more times than it was acquired, BoundedSemaphore will raise an exception instead of letting the count go too high."
1818,19,true_false,preview,220,threading.Timer runs a function once after a delay.,,true,cards/card_1818.png,,
1819,20,true_false,preview,226,threading.local() gives each thread its own private copy.,,true,cards/card_1819.png,,
1820,21,select_blank,preview,232,Complete: creating a Process needs calling ___().,start|run|go|init,0,cards/card_1820.png,,You must call start() after creating a Process object; simply calling run() or initializing it won't actually execute the code.
1821,21,true_false,preview,238,Process.join() blocks until that process finishes.,,true,cards/card_1821.png,,
1822,22,true_false,preview,244,Threads share memory; each process has its own.,,true,cards/card_1822.png,,
1823,22,true_false,preview,250,Copy-on-write delays copying memory until it's modified.,,true,cards/card_1823.png,,
1824,23,true_false,preview,256,The 'fork' method duplicates the whole process.,,true,cards/card_1824.png,,"That is correct; forking essentially creates a copy of the entire running program, including its memory space and current state, rather than starting from scratch."
1825,23,true_false,preview,262,Linux's multiprocessing default changed from fork to forkserver.,,true,cards/card_1825.png,,
1826,24,true_false,preview,268,'spawn' needs the __main__ guard to avoid infinite children.,,true,cards/card_1826.png,,
1827,25,true_false,preview,274,A process's .exitcode of 0 means success.,,true,cards/card_1827.png,,"By convention in Unix-like systems, an exit code of zero universally signifies that the program executed successfully without errors."
1828,25,true_false,preview,280,A child's uncaught exception doesn't crash the parent process.,,true,cards/card_1828.png,,"That's right; processes run in isolated memory spaces, meaning an uncaught exception only crashes the child process, leaving the parent program unaffected."
1829,26,true_false,preview,286,multiprocessing.Queue passes data between processes safely.,,true,cards/card_1829.png,,
1830,26,true_false,preview,292,.get() on an empty Queue blocks until data arrives.,,true,cards/card_1830.png,,
1831,27,true_false,preview,298,multiprocessing.Pipe() connects exactly two processes directly.,,true,cards/card_1831.png,,"The Pipe class is specifically designed to create a dedicated, direct communication channel between exactly two processes."
1832,27,true_false,preview,304,Duplex mode lets both pipe ends send and receive.,,true,cards/card_1832.png,,"Yes, duplex means two-way, so both connected ends are capable of sending and receiving data at the same time."
1833,28,true_false,preview,310,multiprocessing.Value shares one number via real shared memory.,,true,cards/card_1833.png,,
1834,28,true_false,preview,316,multiprocessing.Array shares a fixed-size list of values.,,true,cards/card_1834.png,,
1835,29,true_false,preview,322,"shared_memory gives a raw, zero-copy memory block.",,true,cards/card_1835.png,,
1836,29,true_false,preview,328,The resource tracker can delete shared memory too early.,,true,cards/card_1836.png,,
1837,30,true_false,preview,334,Manager runs a server process holding the real data.,,true,cards/card_1837.png,,
1838,30,true_false,preview,340,manager.dict() often misses in-place nested mutations.,,true,cards/card_1838.png,,
1839,31,true_false,preview,346,multiprocessing.Lock protects a shared external resource.,,true,cards/card_1839.png,,"That's right; the lock itself is just a mechanism, but its purpose is to ensure only one process modifies a critical shared resource—like a file or database connection—at any given time."
1840,31,true_false,preview,352,A Lock passed to a child stays the same lock.,,true,cards/card_1840.png,,"Yes, because multiprocessing locks rely on OS-level mechanisms, passing it ensures both processes are interacting with one single synchronization point, not two separate ones."
1841,32,true_false,preview,358,multiprocessing.RLock lets one process reacquire it safely.,,true,cards/card_1841.png,,
1842,33,true_false,preview,364,multiprocessing.Event signals across separate processes.,,true,cards/card_1842.png,,
1843,33,true_false,preview,370,multiprocessing.Semaphore throttles how many processes run.,,true,cards/card_1843.png,,
1844,34,true_false,preview,376,multiprocessing.Barrier waits until enough processes arrive.,,true,cards/card_1844.png,,
1845,35,true_false,preview,382,A poison pill tells a worker to stop looping.,,true,cards/card_1845.png,,
1846,35,true_false,preview,388,"process.terminate() kills a process abruptly, mid-task.",,true,cards/card_1846.png,,
1847,36,true_false,preview,394,ThreadPoolExecutor manages a reusable pool of worker threads.,,true,cards/card_1847.png,,
1848,36,true_false,preview,400,"ProcessPoolExecutor gives real, GIL-free CPU parallelism.",,true,cards/card_1848.png,,
1849,37,true_false,preview,406,executor.submit() schedules one call and returns a Future.,,true,cards/card_1849.png,,
1850,37,true_false,preview,412,executor.map() applies one function across many inputs.,,true,cards/card_1850.png,,
1851,38,true_false,preview,418,'with ThreadPoolExecutor()' shuts down and cleans up automatically.,,true,cards/card_1851.png,,
1852,39,true_false,preview,424,max_workers caps how many workers run at once.,,true,cards/card_1852.png,,
1853,39,true_false,preview,430,I/O-bound work can use more workers than cores.,,true,cards/card_1853.png,,
1854,40,true_false,preview,436,Submitting millions of tasks at once can exhaust memory.,,true,cards/card_1854.png,,"True, because while individual tasks might be small, managing millions of task objects and their associated metadata consumes significant memory overhead before any actual work begins."
1855,41,true_false,preview,442,A Future is a placeholder for a pending result.,,true,cards/card_1855.png,,"That's right; a Future object doesn't contain the result itself, but rather serves as a proxy or placeholder for the value that will be available later when the task completes."
1856,41,true_false,preview,448,future.result() re-raises the task's exception on failure.,,true,cards/card_1856.png,,
1857,42,true_false,preview,454,A result() timeout doesn't stop the task itself.,,true,cards/card_1857.png,,A timeout only limits how long you wait for the result; it does not send any signal to stop or cancel the underlying task that is still running.
1858,43,true_false,preview,460,add_done_callback() runs a function once a Future finishes.,,true,cards/card_1858.png,,
1859,44,true_false,preview,466,as_completed() yields futures in the order they finish.,,true,cards/card_1859.png,,
1860,44,true_false,preview,472,"wait() returns done and not-done sets, not an iterator.",,true,cards/card_1860.png,,
1861,45,true_false,preview,478,future.cancel() only works before the task starts running.,,true,cards/card_1861.png,,"That's correct; you must cancel a task before it begins its execution, otherwise, the cancellation signal is ignored."
1862,46,true_false,preview,484,Calling an async def doesn't run its body immediately.,,true,cards/card_1862.png,,Calling an async function simply returns a coroutine object; it doesn't run any code until you explicitly use `await` or pass it to the event loop for execution.
1863,46,true_false,preview,490,'await' hands control back to the event loop.,,true,cards/card_1863.png,,"This is exactly what `await` does: it tells Python, 'I'm pausing here because I'm waiting for something; you (the event loop) can go run other tasks in the meantime.'"
1864,47,true_false,preview,496,Coroutines yield control voluntarily at await points.,,true,cards/card_1864.png,,"That's correct; when you use await, the coroutine explicitly pauses and yields control back to the event loop, allowing other tasks to run until the awaited operation completes."
1865,47,true_false,preview,502,asyncio.run() creates a loop and runs a coroutine.,,true,cards/card_1865.png,,"Yes, this is exactly what it does; asyncio.run() manages the creation of a new event loop, runs your main coroutine on it, and then properly closes the loop when finished."
1866,48,true_false,preview,508,"time.sleep() freezes the whole thread, unlike asyncio.sleep().",,true,cards/card_1866.png,,"This is correct because time.sleep() is a synchronous function that blocks execution at the operating system level, whereas asyncio.sleep() cooperatively yields control back to the event loop."
1867,49,true_false,preview,514,A no-await CPU loop blocks the whole event loop.,,true,cards/card_1867.png,,"Since asyncio runs on a single thread, any long-running CPU task that doesn't explicitly yield control will block the entire event loop, preventing context switching to other waiting tasks."
1868,50,true_false,preview,520,"Calling async def creates a coroutine, not runs it.",,true,cards/card_1868.png,,This is true because calling an async function only returns a coroutine object; you must use 'await' or schedule it to run the code defined within the function body.
1869,51,true_false,preview,526,create_task() starts a coroutine running in the background.,,true,cards/card_1869.png,,
1870,52,true_false,preview,532,A Task actively runs a coroutine on the loop.,,true,cards/card_1870.png,,"Yes, when you wrap a coroutine in a Task, it schedules that work to run immediately on the event loop rather than waiting for an explicit await call."
1871,53,true_false,preview,538,asyncio.gather() runs coroutines concurrently and collects their results.,,true,cards/card_1871.png,,That's right; gather() is designed to run multiple coroutines concurrently and then wait for all of them to finish before collecting their results.
1872,54,true_false,preview,544,"as_completed() yields results fastest-finished first, unlike gather().",,true,cards/card_1872.png,,"That's correct; as_completed yields results immediately upon completion, while gather() waits until every single task has finished executing before returning the collected results."
1873,55,true_false,preview,550,task.cancel() raises CancelledError at the next await point.,,true,cards/card_1873.png,,This is true because calling .cancel() merely requests the stop; the actual CancelledError only propagates and raises when the coroutine hits its next suspension point (an await).
1874,56,true_false,preview,556,asyncio.timeout(5) cancels code that runs past 5 seconds.,,true,cards/card_1874.png,,"This is true; using asyncio.timeout() as a context manager ensures that if any code inside the block exceeds the specified time, it will raise an exception and cancel execution."
1875,56,true_false,preview,562,wait_for() cancels a coroutine that exceeds its timeout.,,true,cards/card_1875.png,,That's right; wait_for handles this by wrapping the coroutine and automatically raising a TimeoutError—which effectively cancels the task—if the allotted time runs out.
1876,57,true_false,preview,568,TaskGroup ensures every task inside is awaited or cancelled.,,true,cards/card_1876.png,,"That's right; when you exit the TaskGroup block, it automatically handles awaiting all running tasks or cancelling them if they haven't finished yet, guaranteeing no leaks."
1877,58,true_false,preview,574,TaskGroup can raise an ExceptionGroup bundling several failures.,,true,cards/card_1877.png,,
1878,59,true_false,preview,580,FIRST_COMPLETED returns as soon as any one task finishes.,,true,cards/card_1878.png,,"This is true because FIRST_COMPLETED signals immediately as soon as any single task finishes, unlike ALL_COMPLETED which waits for everything."
1879,60,true_false,preview,586,asyncio.shield() protects a task from an outer cancellation.,,true,cards/card_1879.png,,"That's right; `asyncio.shield()` wraps a coroutine and makes it immune to external cancellation signals, allowing it to complete its work regardless of what happens outside."
1880,61,true_false,preview,592,asyncio.Lock's acquire() yields to the loop while waiting.,,true,cards/card_1880.png,,"Yes, when a coroutine calls acquire() on a locked resource, it yields control back to the event loop while waiting for the lock to become available. This prevents the entire program from blocking."
1881,62,true_false,preview,598,asyncio.Semaphore(5) allows at most five coroutines at once.,,true,cards/card_1881.png,,"The number passed into the Semaphore constructor sets its internal counter, ensuring that only that many tasks can acquire access simultaneously."
1882,63,true_false,preview,604,asyncio.Event lets coroutines wait for event.set().,,true,cards/card_1882.png,,
1883,63,true_false,preview,610,asyncio.Condition combines a lock with wait and notify.,,true,cards/card_1883.png,,
1884,64,true_false,preview,616,"asyncio.Queue's put() and get() are awaitable, not blocking.",,true,cards/card_1884.png,,"Because these methods use `await`, they pause execution until data is available or space opens up, allowing other tasks to run instead of blocking the entire program."
1885,64,true_false,preview,622,LifoQueue returns the most recently added item first.,,true,cards/card_1885.png,,"Yes, LIFO stands for Last-In, First-Out, meaning the most recent item added to the queue will be the next one retrieved."
1886,65,true_false,preview,628,threading.Lock in a coroutine freezes the whole event loop.,,true,cards/card_1886.png,,
1887,66,true_false,preview,634,open_connection() opens a non-blocking TCP client connection.,,true,cards/card_1887.png,,This is correct; open_connection() sets up the necessary client side connection without blocking the event loop while waiting for the socket to be ready.
1888,66,true_false,preview,640,start_server() handles new connections without blocking the loop.,,true,cards/card_1888.png,,"That's right; asyncio's server functions are designed to be asynchronous, meaning they manage incoming connections without freezing the entire event loop."
1889,67,true_false,preview,646,readline() reads until it finds a newline character.,,true,cards/card_1889.png,,"That's correct; readline() is designed specifically to read input line-by-line, stopping only when it encounters a newline character (\n)."
1890,68,true_false,preview,652,Streams are built on lower-level Transports and Protocols.,,true,cards/card_1890.png,,"Correct; streams provide a high-level interface, but they fundamentally depend on Transports to manage the physical connections and Protocols to define how data is structured."
1891,69,true_false,preview,659,create_subprocess_exec() spawns a child process without blocking.,,true,cards/card_1891.png,,"This method leverages asyncio's event loop to start the child process in the background, meaning your main code flow continues immediately without waiting for the spawned process to finish."
1892,70,true_false,preview,665,The 'requests' library has no awaitable API.,,true,cards/card_1892.png,,"That's right; the standard `requests` library is built entirely for simple, blocking HTTP calls and does not integrate with Python's async event loop."
1893,71,true_false,preview,671,run_in_executor() runs a blocking call in a thread pool.,,true,cards/card_1893.png,,That's exactly right; its entire purpose is to take code that would normally block the event loop and run it safely in a background thread pool instead.
1894,72,true_false,preview,677,asyncio.to_thread() simplifies calling run_in_executor().,,true,cards/card_1894.png,,That's right; `to_thread()` was introduced specifically to make calling an executor for basic threading tasks much simpler and more readable than the previous methods.
1895,73,true_false,preview,683,A dedicated event-loop thread avoids rewriting a sync app.,,true,cards/card_1895.png,,Running asynchronous operations in their own dedicated thread allows you to utilize modern concurrency features without having to refactor your entire application's core logic from synchronous to fully asynchronous code.
1896,74,true_false,preview,689,asyncio.run() is the simplest way to call async code.,,true,cards/card_1896.png,,"Yes, it's the simplest way because it wraps up all the necessary boilerplate—like starting and stopping the event loop—so you can just call your main async function directly."
1897,75,true_false,preview,695,run_coroutine_threadsafe() schedules a coroutine from another thread.,,true,cards/card_1897.png,,That's correct; run_coroutine_threadsafe() allows you to queue up and execute a coroutine object from a different thread without needing direct access to the target loop.
1898,76,true_false,preview,701,Producer-consumer decouples generating work from processing it.,,true,cards/card_1898.png,,"That's exactly right. The pattern decouples these two activities by using a buffer (the queue), so they don't have to operate at the same speed."
1899,77,true_false,preview,707,asyncio.Queue is the awaitable queue for one event loop.,,true,cards/card_1899.png,,"Correct. It is designed to be awaitable, meaning its operations yield control back to the event loop instead of blocking it while waiting for items."
1900,78,true_false,preview,713,join() blocks until every item gets a task_done() call.,,true,cards/card_1900.png,,That's exactly right; `join()` is designed specifically to block execution until it confirms every single item placed in the queue has had its corresponding task_done() call made.
1901,79,true_false,preview,719,A poison pill tells a queue worker to stop.,,true,cards/card_1901.png,,
1902,80,true_false,preview,725,A full queue's put() blocks until space frees up.,,true,cards/card_1902.png,,
1903,81,true_false,preview,731,A deadlock freezes; a race condition gives wrong results.,,true,cards/card_1903.png,,
1904,81,true_false,preview,737,Starvation is a thread perpetually denied CPU time.,,true,cards/card_1904.png,,
1905,82,true_false,preview,743,Concurrent code has multiple interleaved stacks to profile.,,true,cards/card_1905.png,,"Since concurrent code involves multiple tasks running seemingly at the same time, a profiler must track all these separate, interleaved call stacks to get an accurate picture of resource usage."
1906,83,true_false,preview,749,asyncio debug mode catches bugs like never-awaited coroutines.,,true,cards/card_1906.png,,"Yes, one of its primary benefits is detecting subtle issues, such as when you forget to use `await` on a coroutine call, which can lead to silent failures."
1907,84,true_false,preview,756,Intercepting SIGINT lets a program clean up before exiting.,,true,cards/card_1907.png,,"True. SIGINT (the signal sent by Ctrl+C) is designed to be catchable, allowing your program to execute cleanup code before exiting gracefully."
1908,84,true_false,preview,762,add_signal_handler() runs handlers safely on the event loop.,,true,cards/card_1908.png,,"Yes, it's designed to ensure that even if a handler throws an exception or behaves badly, it won't crash the entire event loop."
1909,85,true_false,preview,768,Choosing I/O-bound vs CPU-bound guides the concurrency model.,,true,cards/card_1909.png,,"Understanding whether your task is waiting on external resources (I/O-bound) or crunching numbers (CPU-bound) dictates whether you should use async, threads, or processes for concurrency."
1910,46,order,exercise,484,Order what happens when calling a coroutine function.,"Define the function with async def|Call it — this returns a coroutine object, the body hasn't run yet|await the coroutine object|The function body runs until it completes or hits another await",,cards/card_1910.png,,"The process is: first, define it with `async def`; calling it creates a coroutine object that hasn't run; finally, you must use `await` to tell the event loop to execute its body."
1911,47,order,exercise,502,Order the steps asyncio.run(main()) performs.,Create a new event loop|Run main() on that loop until it completes|Close the event loop,,cards/card_1911.png,,"The sequence is correct: first, a new loop is created; second, your main coroutine runs on it until completion; and finally, the loop is properly closed to clean up resources."
1912,53,order,exercise,538,"Order how asyncio.gather(a(), b(), c()) executes and returns.","All three coroutines are scheduled to start running concurrently|The event loop interleaves them at their await points until each finishes|gather() collects each result, keeping the original argument order|The awaited gather() call returns the list of results",,cards/card_1912.png,,"The process starts with the event loop scheduling all three tasks to run simultaneously, interleaving execution at await points until they are done. Finally, gather() collects these results while maintaining the exact order you provided in the function call."
1913,55,order,exercise,550,Order what happens when you cancel a running task.,"Call task.cancel() to request cancellation|CancelledError is raised inside the coroutine at its next await point|The coroutine can catch it to clean up, or let it propagate|The task ends in the cancelled state",,cards/card_1913.png,,"The correct sequence is: first, you call task.cancel() to request it; then, the error is raised at the next await point. Finally, your code handles this exception for cleanup before the task officially terminates in a cancelled state."
